label,has_internet_subscription,dial_up_only,broadband,satellite,other_internet_service,internet_without_subscription,no_internet_access,tract,county,standardized_has_internet_subscription,standardized_dial_up_only,standardized_broadband,standardized_satellite,standardized_other_internet_service,standardized_internet_without_subscription,standardized_no_internet_access,index
Estimate,910,5,597,96,20,52,137,9501,Adams,-0.740979978,-0.118166199,-0.886925011,-0.217574054,-0.185060676,0.186658167,-0.130705028,-2.092752779
Estimate,487,2,223,121,34,9,116,9502,Adams,-1.548289288,-0.34821316,-1.630487098,0.023559981,0.282980244,-0.617730178,-0.336734324,-4.174913823
Estimate,327,0,80,132,5,11,163,9503.01,Adams,-1.853654511,-0.501577801,-1.914790248,0.129658957,-0.68653309,-0.580316766,0.124378862,-5.282834598
Estimate,515,0,340,30,8,18,88,9503.02,Adams,-1.494850374,-0.501577801,-1.397875429,-0.854167907,-0.586238607,-0.449369827,-0.611440053,-5.895519996
Estimate,557,0,436,39,16,9,66,9503.03,Adams,-1.414692003,-0.501577801,-1.207014573,-0.767359654,-0.318786653,-0.617730178,-0.827280268,-5.654441128
Estimate,685,0,488,48,0,23,168,9504,Adams,-1.170399824,-0.501577801,-1.103631609,-0.680551402,-0.853690561,-0.355836298,0.173433456,-4.492254037
Estimate,1368,0,1076,174,0,99,227,9505,Adams,0.133127974,-0.501577801,0.065391137,0.534764136,-0.853690561,1.065873335,0.752277669,1.196165889
Estimate,1569,8,1183,253,47,30,183,9601,Asotin,0.516743036,0.111880763,0.278121467,1.296747687,0.717589669,-0.224889358,0.320597239,3.016790503
Estimate,1780,27,1414,104,13,12,222,9602,Asotin,0.919443424,1.56884485,0.737380402,-0.140411163,-0.419081136,-0.561610061,0.703223075,2.807789392
Estimate,1156,0,822,47,10,16,192,9603,Asotin,-0.271480947,-0.501577801,-0.439594879,-0.690196763,-0.519375619,-0.486783238,0.408895509,-2.500113737
Estimate,805,73,463,95,12,9,180,9604,Asotin,-0.941375906,5.096231587,-1.153334957,-0.227219415,-0.45251263,-0.617730178,0.291164483,1.995222984
Estimate,1198,6,956,79,15,24,304,9605,Asotin,-0.191322576,-0.041483878,-0.173184934,-0.381545198,-0.352218147,-0.337129592,1.507718422,0.030834096
Estimate,1392,14,1041,74,57,11,203,9606,Asotin,0.178932757,0.571974685,-0.00419355,-0.429772005,1.051904612,-0.580316766,0.516815617,1.305345349
Estimate,401,5,135,196,0,29,220,9400,Ferry,-1.712423095,-0.118166199,-1.805442883,0.746962087,-0.853690561,-0.243596064,0.683601237,-3.302755478
Estimate,798,9,439,279,18,34,432,9701,Ferry,-0.954735635,0.188563083,-1.201050171,1.547527084,-0.251923664,-0.150062535,2.763516036,1.941834198
Estimate,960,24,668,142,10,48,253,9702,Ferry,-0.645553346,1.338797889,-0.745767503,0.226112571,-0.519375619,0.111831344,1.00736156,0.773406896
Estimate,801,0,513,269,14,15,170,9703,Garfield,-0.949010037,-0.501577801,-1.053928261,1.45107347,-0.385649641,-0.505489944,0.193055294,-1.751526919
Estimate,700,0,546,28,0,21,48,9601,Lincoln,-1.141771834,-0.501577801,-0.988319841,-0.87345863,-0.853690561,-0.393249709,-1.003876807,-5.755945183
Estimate,1222,21,587,361,31,3,111,9602,Lincoln,-0.145517792,1.108750927,-0.90680635,2.338446719,0.182685761,-0.729970412,-0.385788919,1.461799934
Estimate,895,12,514,196,42,26,213,9603,Lincoln,-0.769607968,0.418610044,-1.051940127,0.746962087,0.550432198,-0.299716181,0.614924805,0.209664858
Estimate,1146,10,755,216,15,8,235,9604,Lincoln,-0.290566274,0.265245403,-0.572799852,0.939869315,-0.352218147,-0.636436883,0.83076502,0.183858582
Estimate,733,6,457,75,31,40,159,9701,Pend Oreille,-1.078790257,-0.041483878,-1.16526376,-0.420126644,0.182685761,-0.037822301,0.085135187,-2.475665892
Estimate,867,8,632,81,39,78,248,9702,Pend Oreille,-0.823046882,0.111880763,-0.817340324,-0.362254475,0.450137715,0.673032515,0.958306965,0.190716277
Estimate,939,7,653,180,94,79,355,9703,Pend Oreille,-0.685632531,0.035198442,-0.775589512,0.592636304,2.2888699,0.691739221,2.008075284,4.155297108
Estimate,955,0,699,63,118,71,169,9704,Pend Oreille,-0.655096009,-0.501577801,-0.684135351,-0.535870981,3.091225762,0.542085576,0.183244375,1.439875571
Estimate,890,23,703,138,45,29,186,9705,Pend Oreille,-0.779150631,1.262115568,-0.676182816,0.187531125,0.650726681,-0.243596064,0.350029996,0.751473859
Estimate,1179,0,996,14,7,7,109,2.01,Spokane,-0.227584696,-0.501577801,-0.093659577,-1.00849369,-0.619670101,-0.655143589,-0.405410757,-3.51154021
Estimate,515,0,427,47,0,9,92,2.02,Spokane,-1.494850374,-0.501577801,-1.224907778,-0.690196763,-0.853690561,-0.617730178,-0.572196377,-5.955149831
Estimate,975,0,792,43,28,27,93,3.01,Spokane,-0.616925356,-0.501577801,-0.499238897,-0.728778209,0.082391278,-0.281009475,-0.562385458,-3.107523917
Estimate,878,0,763,22,3,66,91,3.02,Spokane,-0.802053023,-0.501577801,-0.55689478,-0.931330798,-0.753396078,0.448552047,-0.582007296,-3.678707729
Estimate,1451,0,1292,86,0,42,145,4,Spokane,0.291536184,-0.501577801,0.494828064,-0.314027668,-0.853690561,-0.00040889,-0.052217677,-0.935558349
Estimate,1344,0,1186,78,4,9,94,5,Spokane,0.08732319,-0.501577801,0.284085868,-0.391190559,-0.719964584,-0.617730178,-0.552574539,-2.411628603
Estimate,1224,0,987,51,0,22,40,6,Spokane,-0.141700727,-0.501577801,-0.111552782,-0.651615317,-0.853690561,-0.374543004,-1.082364158,-3.71704435
Estimate,1974,0,1775,82,10,80,177,7,Spokane,1.289698758,-0.501577801,1.455096748,-0.352609114,-0.519375619,0.710445927,0.261731726,2.343410626
Estimate,1770,9,1566,67,26,50,135,8,Spokane,0.900358098,0.188563083,1.039576758,-0.497289535,0.01552829,0.149244756,-0.150326866,1.645654584
Estimate,2071,11,1829,79,0,13,284,9,Spokane,1.474826425,0.341927724,1.56245598,-0.381545198,-0.853690561,-0.542903355,1.311500044,2.912571058
Estimate,2014,0,1616,72,21,0,295,10,Spokane,1.366040064,-0.501577801,1.138983454,-0.449062728,-0.151629182,-0.786090529,1.419420152,2.036083431
Estimate,1349,0,1246,62,26,0,62,11,Spokane,0.096865854,-0.501577801,0.403373904,-0.545516342,0.01552829,-0.786090529,-0.866523943,-2.183940568
Estimate,906,0,797,40,0,18,65,12,Spokane,-0.748614109,-0.501577801,-0.489298227,-0.757714293,-0.853690561,-0.449369827,-0.837091186,-4.637356003
Estimate,1361,0,1262,84,10,30,130,13,Spokane,0.119768245,-0.501577801,0.435184046,-0.333318391,-0.519375619,-0.224889358,-0.19938146,-1.223590337
Estimate,2226,11,1952,30,0,12,177,14,Spokane,1.770648985,0.341927724,1.806996452,-0.854167907,-0.853690561,-0.561610061,0.261731726,1.911836358
Estimate,1928,0,1761,124,22,0,467,15,Spokane,1.201906256,-0.501577801,1.427262873,0.052496065,-0.118197687,-0.786090529,3.106898196,4.382697374
Estimate,1105,0,849,31,9,18,231,16,Spokane,-0.368816112,-0.501577801,-0.385915263,-0.844522546,-0.552807113,-0.449369827,0.791521345,-2.311487316
Estimate,1018,5,858,53,8,106,251,18,Spokane,-0.534858452,-0.118166199,-0.368022058,-0.632324595,-0.586238607,1.196820275,0.987739722,-0.055049914
Estimate,1321,5,1157,35,36,24,132,19,Spokane,0.04342694,-0.118166199,0.226429985,-0.8059411,0.349843232,-0.337129592,-0.179759623,-0.821296357
Estimate,1515,18,1272,55,18,92,100,20,Spokane,0.413682273,0.878703966,0.455065386,-0.613033872,-0.251923664,0.934926395,-0.493709026,1.323711458
Estimate,1061,29,938,28,6,20,44,21,Spokane,-0.452791549,1.722209491,-0.208971344,-0.87345863,-0.653101596,-0.411956415,-1.043120483,-1.921190525
Estimate,1852,0,1485,122,6,60,270,23,Spokane,1.056857775,-0.501577801,0.878537911,0.033205343,-0.653101596,0.336311813,1.17414718,2.324380625
Estimate,915,0,706,11,0,30,207,24,Spokane,-0.731437315,-0.501577801,-0.670218414,-1.037429774,-0.853690561,-0.224889358,0.556059292,-3.46318393
Estimate,1049,0,861,15,0,0,62,25.01,Spokane,-0.47569394,-0.501577801,-0.362057656,-0.998848328,-0.853690561,-0.786090529,-0.866523943,-4.844482758
Estimate,727,0,597,22,0,155,132,25.02,Spokane,-1.090241453,-0.501577801,-0.886925011,-0.931330798,-0.853690561,2.113448854,-0.179759623,-2.330076392
Estimate,168,0,126,17,42,0,29,25.03,Spokane,-2.157111202,-0.501577801,-1.823336088,-0.979557605,0.550432198,-0.786090529,-1.190284266,-6.887525293
Estimate,1960,0,1682,161,44,0,123,26,Spokane,1.262979301,-0.501577801,1.270200293,0.409374437,0.617295186,-0.786090529,-0.268057892,2.004122996
Estimate,1167,0,954,48,9,16,44,29,Spokane,-0.250487088,-0.501577801,-0.177161201,-0.680551402,-0.552807113,-0.486783238,-1.043120483,-3.692488325
Estimate,778,11,679,48,0,51,137,30,Spokane,-0.992906288,0.341927724,-0.72389803,-0.680551402,-0.853690561,0.167951462,-0.130705028,-2.871872123
Estimate,2042,14,1760,96,101,47,95,31,Spokane,1.419478978,0.571974685,1.425274739,-0.217574054,2.52289036,0.093124639,-0.542763621,5.272405725
Estimate,1349,27,1162,93,14,145,80,32,Spokane,0.096865854,1.56884485,0.236370654,-0.246510138,-0.385649641,1.926381797,-0.689927404,2.506375972
Estimate,1332,14,1002,54,25,100,406,35,Spokane,0.064420799,0.571974685,-0.081730773,-0.622679233,-0.017903205,1.084580041,2.508432146,3.507094459
Estimate,1093,0,875,35,23,40,85,36.01,Spokane,-0.391718504,-0.501577801,-0.334223781,-0.8059411,-0.084766193,-0.037822301,-0.640872809,-2.796922489
Estimate,1491,0,1238,28,0,53,155,36.02,Spokane,0.36787749,-0.501577801,0.387468832,-0.87345863,-0.853690561,0.205364873,0.045891511,-1.222124286
Estimate,806,0,685,16,0,24,64,38,Spokane,-0.939467373,-0.501577801,-0.711969226,-0.989202967,-0.853690561,-0.337129592,-0.846902105,-5.179939626
Estimate,841,12,677,133,30,53,129,39,Spokane,-0.872668731,0.418610044,-0.727874298,0.139304318,0.149254267,0.205364873,-0.209192379,-0.897201906
Estimate,1289,0,1000,56,74,0,37,40.01,Spokane,-0.017646105,-0.501577801,-0.085707041,-0.60338851,1.620240014,-0.786090529,-1.111796915,-1.485966886
Estimate,1250,0,1119,0,32,7,19,40.02,Spokane,-0.092078878,-0.501577801,0.150880896,-1.143528749,0.216117255,-0.655143589,-1.288393454,-3.313724321
Estimate,965,0,824,19,0,0,107,41,Spokane,-0.636010683,-0.501577801,-0.435618611,-0.960266883,-0.853690561,-0.786090529,-0.425032594,-4.598287661
Estimate,1820,0,1582,52,24,0,116,42,Spokane,0.99578473,-0.501577801,1.071386901,-0.641969956,-0.051334699,-0.786090529,-0.336734324,-0.250535678
Estimate,1385,10,1287,38,0,39,92,43,Spokane,0.165573029,0.265245403,0.484887394,-0.777005016,-0.853690561,-0.056529007,-0.572196377,-1.343715134
Estimate,1846,0,1606,27,62,56,227,44,Spokane,1.045406579,-0.501577801,1.119102115,-0.883103991,1.219062083,0.26148499,0.752277669,3.012651645
Estimate,1423,0,1322,29,7,35,44,45,Spokane,0.23809727,-0.501577801,0.554472082,-0.863813268,-0.619670101,-0.13135583,-1.043120483,-2.366968131
Estimate,1629,7,1448,67,98,94,401,46.01,Spokane,0.631254995,0.035198442,0.804976956,-0.497289535,2.422595877,0.972339807,2.459377551,6.828454092
Estimate,1091,11,907,72,43,9,130,46.02,Spokane,-0.395535569,0.341927724,-0.270603496,-0.449062728,0.583863692,-0.617730178,-0.19938146,-1.006522015
Estimate,1036,0,829,87,71,41,59,47.01,Spokane,-0.500504865,-0.501577801,-0.425677942,-0.304382307,1.519945532,-0.019115595,-0.8959567,-1.127269677
Estimate,1550,0,1282,51,83,14,133,47.02,Spokane,0.480480916,-0.501577801,0.474946725,-0.651615317,1.921123463,-0.524196649,-0.169948704,1.029212632
Estimate,1695,12,1428,98,59,196,166,48,Spokane,0.757218149,0.418610044,0.765214277,-0.198283331,1.1187676,2.880423788,0.153811619,5.895762146
Estimate,2242,13,1963,213,113,13,60,49,Spokane,1.801185507,0.495292364,1.828865925,0.910933231,2.924068291,-0.542903355,-0.886145781,6.531296182
Estimate,1629,0,1331,33,54,108,263,50,Spokane,0.631254995,-0.501577801,0.572365287,-0.825231823,0.951610129,1.234233686,1.105470748,3.168125222
Estimate,1306,0,987,223,40,18,157,101.01,Spokane,0.01479895,-0.501577801,-0.111552782,1.007386845,0.483569209,-0.449369827,0.065513349,0.508767944
Estimate,929,14,624,176,57,18,98,101.02,Spokane,-0.704717858,0.571974685,-0.833245395,0.554054859,1.051904612,-0.449369827,-0.513330864,-0.322729788
Estimate,1531,0,1073,534,0,76,251,102.01,Spokane,0.444218795,-0.501577801,0.059426735,4.007094243,-0.853690561,0.635619104,0.987739722,4.778830238
Estimate,1395,0,1210,223,17,18,36,102.03,Spokane,0.184658355,-0.501577801,0.331801082,1.007386845,-0.285355159,-0.449369827,-1.121607833,-0.834064337
Estimate,937,20,360,421,95,2,35,102.04,Spokane,-0.689449597,1.032068607,-1.358112751,2.917168404,2.322301394,-0.748677118,-1.131418752,2.343880187
Estimate,1683,17,1464,186,82,0,304,103.01,Spokane,0.734315758,0.802021646,0.836787098,0.650508473,1.887691968,-0.786090529,1.507718422,5.632952836
Estimate,1192,0,720,166,99,18,26,103.03,Spokane,-0.202773772,-0.501577801,-0.642384539,0.457601245,2.456027371,-0.449369827,-1.219717022,-0.102194344
Estimate,1928,28,1170,413,70,40,289,103.04,Spokane,1.201906256,1.64552717,0.252275726,2.840005512,1.486514037,-0.037822301,1.360554639,8.748961039
Estimate,2512,0,1990,284,76,21,111,103.05,Spokane,2.316489322,-0.501577801,1.882545541,1.595753891,1.687103003,-0.393249709,-0.385788919,6.201275328
Estimate,1583,0,1316,75,0,35,134,104.01,Spokane,0.543462493,-0.501577801,0.542543278,-0.420126644,-0.853690561,-0.13135583,-0.160137785,-0.980882849
Estimate,1130,0,426,400,60,4,88,104.03,Spokane,-0.321102796,-0.501577801,-1.226895912,2.714615814,1.152199095,-0.711263706,-0.611440053,0.494534642
Estimate,1048,45,578,231,20,2,209,104.04,Spokane,-0.477602473,2.949126617,-0.924699556,1.084549736,-0.185060676,-0.748677118,0.57568113,2.27331766
Estimate,1288,7,1091,77,9,0,40,105.04,Spokane,-0.019554638,0.035198442,0.095213146,-0.400835921,-0.552807113,-0.786090529,-1.082364158,-2.711240771
Estimate,1212,0,1081,80,58,0,29,105.05,Spokane,-0.164603119,-0.501577801,0.075331807,-0.371899837,1.085336106,-0.786090529,-1.190284266,-1.853787638
Estimate,2187,14,1937,86,0,89,125,105.06,Spokane,1.696216212,0.571974685,1.777174443,-0.314027668,-0.853690561,0.878806278,-0.248436055,3.508017334
Estimate,1525,0,1459,73,0,31,102,105.07,Spokane,0.432767599,-0.501577801,0.826846429,-0.439417366,-0.853690561,-0.206182652,-0.474087189,-1.215341541
Estimate,1253,0,1072,115,0,14,55,105.08,Spokane,-0.08635328,-0.501577801,0.057438601,-0.034312187,-0.853690561,-0.524196649,-0.935200375,-2.877892253
Estimate,1285,0,1195,114,9,6,81,106.01,Spokane,-0.025280236,-0.501577801,0.301979074,-0.043957549,-0.552807113,-0.673850295,-0.680116485,-2.175610404
Estimate,1850,0,1722,94,0,20,40,106.03,Spokane,1.05304071,-0.501577801,1.34972565,-0.236864777,-0.853690561,-0.411956415,-1.082364158,-0.683687352
Estimate,1259,0,1197,99,0,14,69,106.04,Spokane,-0.074902085,-0.501577801,0.305955341,-0.18863797,-0.853690561,-0.524196649,-0.797847511,-2.634897235
Estimate,1390,0,1336,63,0,57,15,107.01,Spokane,0.175115692,-0.501577801,0.582305956,-0.535870981,-0.853690561,0.280191696,-1.32763713,-2.181163127
Estimate,1124,0,1001,123,0,11,27,107.02,Spokane,-0.332553992,-0.501577801,-0.083718907,0.042850704,-0.853690561,-0.580316766,-1.209906103,-3.518913426
Estimate,750,0,674,11,0,28,193,108,Spokane,-1.046345202,-0.501577801,-0.733838699,-1.037429774,-0.853690561,-0.26230277,0.418706428,-4.016478378
Estimate,759,0,648,10,8,13,41,109.01,Spokane,-1.029168408,-0.501577801,-0.785530181,-1.047075135,-0.586238607,-0.542903355,-1.072553239,-5.565046726
Estimate,685,0,612,34,0,0,0,109.02,Spokane,-1.170399824,-0.501577801,-0.857103002,-0.815586461,-0.853690561,-0.786090529,-1.474800913,-6.459249091
Estimate,1319,8,1111,50,10,7,150,110,Spokane,0.039609874,0.111880763,0.134975824,-0.661260679,-0.519375619,-0.655143589,-0.003163083,-1.552476509
Estimate,1604,0,1433,14,17,33,92,111.02,Spokane,0.583541679,-0.501577801,0.775154947,-1.00849369,-0.285355159,-0.168769241,-0.572196377,-1.177695642
Estimate,1385,38,1147,56,0,36,264,111.03,Spokane,0.165573029,2.412350374,0.206548645,-0.60338851,-0.853690561,-0.112649124,1.115281667,2.33002552
Estimate,1119,40,940,35,16,15,160,111.04,Spokane,-0.342096655,2.565715015,-0.204995076,-0.8059411,-0.318786653,-0.505489944,0.094946105,0.483351692
Estimate,1450,0,1218,181,10,42,110,112.02,Spokane,0.289627651,-0.501577801,0.347706154,0.602281666,-0.519375619,-0.00040889,-0.395599838,-0.177346676
Estimate,2125,14,1974,66,0,94,439,112.03,Spokane,1.577887188,0.571974685,1.850735398,-0.506934896,-0.853690561,0.972339807,2.832192468,6.444504088
Estimate,865,12,804,91,9,0,116,112.04,Spokane,-0.826863947,0.418610044,-0.47538129,-0.265800861,-0.552807113,-0.786090529,-0.336734324,-2.82506802
Estimate,1465,0,1132,167,0,0,127,113.01,Spokane,0.318255641,-0.501577801,0.176726637,0.467246606,-0.853690561,-0.786090529,-0.228814217,-1.407944225
Estimate,1899,1,1561,40,2,79,37,113.02,Spokane,1.146558809,-0.42489548,1.029636089,-0.757714293,-0.786827573,0.691739221,-1.111796915,-0.213300141
Estimate,2006,0,1677,55,24,0,109,114,Spokane,1.350771803,-0.501577801,1.260259624,-0.613033872,-0.051334699,-0.786090529,-0.405410757,0.253583769
Estimate,585,0,505,27,20,13,31,115,Spokane,-1.361253088,-0.501577801,-1.069833332,-0.883103991,-0.185060676,-0.542903355,-1.170662428,-5.714394671
Estimate,683,0,567,28,8,3,78,116,Spokane,-1.174216889,-0.501577801,-0.946569029,-0.87345863,-0.586238607,-0.729970412,-0.709549241,-5.521580609
Estimate,943,0,706,17,0,13,164,117.01,Spokane,-0.677998401,-0.501577801,-0.670218414,-0.979557605,-0.853690561,-0.542903355,0.134189781,-4.091756356
Estimate,2725,0,2073,87,57,164,340,117.02,Spokane,2.723006776,-0.501577801,2.047560656,-0.304382307,1.051904612,2.281809205,1.860911501,9.159232643
Estimate,1983,0,1529,183,0,360,504,118,Spokane,1.306875552,-0.501577801,0.966015803,0.621572388,-0.853690561,5.948323522,3.469902194,10.9574211
Estimate,1801,8,1584,73,21,36,225,119,Spokane,0.95952261,0.111880763,1.075363169,-0.439417366,-0.151629182,-0.112649124,0.732655832,2.175726701
Estimate,1697,7,1478,77,0,9,136,120,Spokane,0.761035215,0.035198442,0.864620973,-0.400835921,-0.853690561,-0.617730178,-0.140515947,-0.351917977
Estimate,956,0,725,61,21,17,146,121,Spokane,-0.653187476,-0.501577801,-0.632443869,-0.555161703,-0.151629182,-0.468076532,-0.042406759,-3.004483322
Estimate,772,5,647,60,18,23,167,122,Spokane,-1.004357483,-0.118166199,-0.787518315,-0.564807065,-0.251923664,-0.355836298,0.163622538,-2.918986487
Estimate,2147,106,1685,209,78,62,324,123,Spokane,1.619874906,7.62674816,1.276164695,0.872351785,1.753965991,0.373725224,1.703936799,15.22676756
Estimate,1774,0,1618,154,20,150,244,124.01,Spokane,0.907992229,-0.501577801,1.142959722,0.341856908,-0.185060676,2.019915326,0.91906329,4.645148998
Estimate,2302,0,1982,182,58,12,133,124.02,Spokane,1.915697466,-0.501577801,1.86664047,0.611927027,1.085336106,-0.561610061,-0.169948704,4.246464504
Estimate,1229,0,1027,13,59,19,97,125,Spokane,-0.132158064,-0.501577801,-0.032027425,-1.018139051,1.1187676,-0.430663121,-0.523141783,-1.518939644
Estimate,1471,0,1207,99,0,70,175,126,Spokane,0.329706837,-0.501577801,0.325836681,-0.18863797,-0.853690561,0.52337887,0.242109888,-0.122874056
Estimate,1491,7,1306,66,26,101,254,127.01,Spokane,0.36787749,0.035198442,0.522661939,-0.506934896,0.01552829,1.103286746,1.017172479,2.554790489
Estimate,826,0,744,36,26,13,60,127.02,Spokane,-0.901296721,-0.501577801,-0.594669325,-0.796295739,0.01552829,-0.542903355,-0.886145781,-4.207360431
Estimate,1525,0,1174,132,0,0,114,128.01,Spokane,0.432767599,-0.501577801,0.260228261,0.129658957,-0.853690561,-0.786090529,-0.356356162,-1.675060236
Estimate,1293,0,1153,67,29,0,168,128.02,Spokane,-0.010011975,-0.501577801,0.218477449,-0.497289535,0.115822772,-0.786090529,0.173433456,-1.287236161
Estimate,955,0,854,73,0,28,214,129.01,Spokane,-0.655096009,-0.501577801,-0.375974593,-0.439417366,-0.853690561,-0.26230277,0.624735724,-2.463323376
Estimate,2257,14,1987,49,45,127,255,129.02,Spokane,1.829813497,0.571974685,1.876581139,-0.67090604,0.650726681,1.589661095,1.026983397,6.874834453
Estimate,400,0,339,0,0,0,0,130.01,Spokane,-1.714331628,-0.501577801,-1.399863563,-1.143528749,-0.853690561,-0.786090529,-1.474800913,-7.873883744
Estimate,1137,0,901,22,0,0,172,130.02,Spokane,-0.307743067,-0.501577801,-0.282532299,-0.931330798,-0.853690561,-0.786090529,0.212677132,-3.450287924
Estimate,2125,0,1850,42,0,81,122,130.03,Spokane,1.577887188,-0.501577801,1.604206792,-0.73842357,-0.853690561,0.729152632,-0.277868811,1.539685869
Estimate,2927,0,2563,138,110,64,432,131.01,Spokane,3.10853037,-0.501577801,3.021746278,0.187531125,2.823773808,0.411138636,2.763516036,11.81465845
Estimate,1961,19,1731,273,54,20,84,131.02,Spokane,1.264887833,0.955386287,1.367618855,1.489654915,0.951610129,-0.411956415,-0.650683728,4.966517877
Estimate,2500,18,2185,113,15,34,162,132.01,Spokane,2.29358693,0.878703966,2.270231656,-0.05360291,-0.352218147,-0.150062535,0.114567943,5.001206902
Estimate,1026,0,955,31,0,23,12,132.03,Spokane,-0.519590191,-0.501577801,-0.175173067,-0.844522546,-0.853690561,-0.355836298,-1.357069886,-4.60746035
Estimate,1499,0,1374,105,0,51,52,132.04,Spokane,0.383145751,-0.501577801,0.657855045,-0.130765801,-0.853690561,0.167951462,-0.964633132,-1.241715037
Estimate,1141,0,953,138,14,0,70,132.05,Spokane,-0.300108937,-0.501577801,-0.179149335,0.187531125,-0.385649641,-0.786090529,-0.788036592,-2.75308171
Estimate,1102,12,574,435,54,53,53,133,Spokane,-0.37454171,0.418610044,-0.932652091,3.052203463,0.951610129,0.205364873,-0.954822213,2.365772495
Estimate,1977,0,1870,102,10,14,28,134.01,Spokane,1.295424356,-0.501577801,1.64396947,-0.159701886,-0.519375619,-0.524196649,-1.200095184,0.034446688
Estimate,571,0,327,52,42,0,80,135.01,Spokane,-1.387972545,-0.501577801,-1.42372117,-0.641969956,0.550432198,-0.786090529,-0.689927404,-4.880827207
Estimate,857,0,645,134,30,0,36,135.02,Spokane,-0.842132209,-0.501577801,-0.791494583,0.148949679,0.149254267,-0.786090529,-1.121607833,-3.744699008
Estimate,2181,0,1678,324,74,18,12,135.03,Spokane,1.684765016,-0.501577801,1.262247758,1.981568347,1.620240014,-0.449369827,-1.357069886,4.240803621
Estimate,1826,0,1468,83,134,17,119,136,Spokane,1.007235926,-0.501577801,0.844739634,-0.342963752,3.62612967,-0.468076532,-0.307301568,3.858185577
Estimate,1219,44,760,194,42,24,134,137,Spokane,-0.15124339,2.872444296,-0.562859182,0.727671364,0.550432198,-0.337129592,-0.160137785,2.939177908
Estimate,740,0,728,22,0,82,4,138,Spokane,-1.065430528,-0.501577801,-0.626479468,-0.931330798,-0.853690561,0.747859338,-1.435557237,-4.666207055
Estimate,2075,12,1640,299,0,0,82,139,Spokane,1.482460555,0.418610044,1.186698669,1.740434312,-0.853690561,-0.786090529,-0.670305566,2.518116924
Estimate,1491,0,1191,69,58,67,175,140.01,Spokane,0.36787749,-0.501577801,0.294026538,-0.477998812,1.085336106,0.467258753,0.242109888,1.477032162
Estimate,2372,0,2135,101,44,62,160,140.02,Spokane,2.049294751,-0.501577801,2.170824959,-0.169347247,0.617295186,0.373725224,0.094946105,4.635161179
Estimate,2105,0,1585,198,80,57,215,141,Spokane,1.539716535,-0.501577801,1.077351303,0.76625281,1.82082898,0.280191696,0.634546643,5.617310165
Estimate,1251,14,631,420,38,58,195,142,Spokane,-0.090170346,0.571974685,-0.819328458,2.907523042,0.416706221,0.298898401,0.438328266,3.723931811
Estimate,972,23,552,166,74,16,146,143,Spokane,-0.622650954,1.262115568,-0.976391038,0.457601245,1.620240014,-0.486783238,-0.042406759,1.211724839
Estimate,1560,0,1350,78,9,46,123,144,Spokane,0.499566242,-0.501577801,0.610139831,-0.391190559,-0.552807113,0.074417933,-0.268057892,-0.529509359
Estimate,687,4,466,21,25,49,132,145,Spokane,-1.166582758,-0.194848519,-1.147370555,-0.94097616,-0.017903205,0.13053805,-0.179759623,-3.516902769
Estimate,533,4,316,152,7,30,295,9410,Stevens,-1.460496786,-0.194848519,-1.445590643,0.322566185,-0.619670101,-0.224889358,1.419420152,-2.203509071
Estimate,1390,20,722,411,16,83,403,9501.01,Stevens,0.175115692,1.032068607,-0.638408271,2.82071479,-0.318786653,0.766566044,2.478999389,6.316269598
Estimate,1080,0,415,358,111,11,219,9501.02,Stevens,-0.416529428,-0.501577801,-1.248765385,2.309510635,2.857205302,-0.580316766,0.673790318,3.093316875
Estimate,1115,9,407,437,62,80,293,9502,Stevens,-0.349730786,0.188563083,-1.264670456,3.071494186,1.219062083,0.710445927,1.399798314,4.974962351
Estimate,938,6,772,68,0,7,96,9503,Stevens,-0.687541064,-0.041483878,-0.539001575,-0.487644173,-0.853690561,-0.655143589,-0.532952702,-3.797457543
Estimate,954,0,707,120,0,40,177,9505,Stevens,-0.657004542,-0.501577801,-0.66823028,0.01391462,-0.853690561,-0.037822301,0.261731726,-2.442679139
Estimate,842,11,472,286,0,0,161,9506,Stevens,-0.870760198,0.341927724,-1.135441751,1.615044614,-0.853690561,-0.786090529,0.104757024,-1.584253678
Estimate,826,3,571,102,21,37,159,9507,Stevens,-0.901296721,-0.271530839,-0.938616493,-0.159701886,-0.151629182,-0.093942418,0.085135187,-2.431582352
Estimate,1097,8,636,272,32,46,236,9508,Stevens,-0.384084373,0.111880763,-0.809387788,1.480009554,0.216117255,0.074417933,0.840575939,1.529529282
Estimate,513,9,265,132,6,23,169,9509,Stevens,-1.498667439,0.188563083,-1.546985473,0.129658957,-0.653101596,-0.355836298,0.183244375,-3.553124391
Estimate,1144,10,572,310,30,52,311,9511,Stevens,-0.294383339,0.265245403,-0.936628359,1.846533287,0.149254267,0.186658167,1.576394854,2.79307428
Estimate,778,0,375,236,22,23,159,9513.01,Stevens,-0.992906288,-0.501577801,-1.328290742,1.132776543,-0.118197687,-0.355836298,0.085135187,-2.078897085
Estimate,482,0,190,151,35,37,100,9513.02,Stevens,-1.557831951,-0.501577801,-1.696095517,0.312920823,0.316411738,-0.093942418,-0.493709026,-3.713824152
Estimate,1015,50,573,311,0,47,342,9514.01,Stevens,-0.54058405,3.332538219,-0.934640225,1.856178649,-0.853690561,0.093124639,1.880533339,4.833460008
Estimate,1430,0,1264,143,0,59,51,9514.02,Stevens,0.251456998,-0.501577801,0.439160314,0.235757932,-0.853690561,0.317605107,-0.974444051,-1.085732061
Estimate,1050,0,921,66,0,52,75,1,Whitman,-0.473785408,-0.501577801,-0.242769621,-0.506934896,-0.853690561,0.186658167,-0.738981998,-3.131082117
Estimate,1868,0,1739,72,0,28,9,2.01,Whitman,1.087394297,-0.501577801,1.383523927,-0.449062728,-0.853690561,-0.26230277,-1.386502643,-0.982218278
Estimate,881,0,815,17,0,19,45,2.02,Whitman,-0.796327425,-0.501577801,-0.453511816,-0.979557605,-0.853690561,-0.430663121,-1.033309564,-5.048637893
Estimate,2249,0,1974,165,25,14,129,3,Whitman,1.814545236,-0.501577801,1.850735398,0.447955883,-0.017903205,-0.524196649,-0.209192379,2.860366483
Estimate,1594,0,1423,102,29,173,231,4,Whitman,0.564456352,-0.501577801,0.755273608,-0.159701886,0.115822772,2.450169557,0.791521345,4.015963948
Estimate,178,0,118,6,0,246,23,5,Whitman,-2.138025876,-0.501577801,-1.839241159,-1.085656581,-0.853690561,3.815759073,-1.249149779,-3.851582684
Estimate,1885,0,1736,170,0,345,20,6.01,Whitman,1.119839352,-0.501577801,1.377559525,0.49618269,-0.853690561,5.667722937,-1.278582535,6.027453607
Estimate,1618,0,1436,99,0,223,156,6.02,Whitman,0.610261136,-0.501577801,0.781119349,-0.18863797,-0.853690561,3.385504842,0.05570243,3.288681424
Estimate,1218,6,895,239,71,66,196,7,Whitman,-0.153151923,-0.041483878,-0.294461103,1.161712627,1.519945532,0.448552047,0.448139185,3.089252486
Estimate,1096,0,975,162,47,35,293,8,Whitman,-0.385992906,-0.501577801,-0.135410389,0.419019799,0.717589669,-0.13135583,1.399798314,1.382070857
Estimate,1314,4,1008,161,19,95,178,9,Whitman,0.030067211,-0.194848519,-0.06980197,0.409374437,-0.21849217,0.991046512,0.271542645,1.218888147
Estimate,735,27,492,189,17,87,61,10,Whitman,-1.074973191,1.56884485,-1.095679073,0.679444557,-0.285355159,0.841392867,-0.876334862,-0.242660012
