label,less_than_9th_grade,9th_to_12th_no_diploma,high_school_grad_equivalent,some_college_no_degree,associates_degree,bachelors_degree,graduate_or_professional_degree,tract,county,standardized_less_than_9th_grade,standardized_9th_to_12th_no_diploma,standardized_high_school_grad_equivalent,standardized_some_college_no_degree,standardized_associates_degree,standardized_bachelors_degree,standardized_graduate_or_professional_degree,index
Estimate,56,151,676,429,235,312,116,9501,Adams,0.366673871,0.132004481,-0.087653914,-0.86375634,-0.569644126,-0.592970358,-0.686692495,-2.302038882
Estimate,6,173,344,326,110,184,44,9502,Adams,-0.973208684,0.372262185,-1.046167453,-1.089648386,-1.270176859,-0.988452767,-0.998892223,-5.994284186
Estimate,43,59,186,158,52,34,20,9503.01,Adams,0.018304406,-0.872709554,-1.502327511,-1.458093663,-1.595224047,-1.451908714,-1.102958799,-7.964917882
Estimate,79,155,474,148,66,0,101,9503.02,Adams,0.983019846,0.1756877,-0.670845887,-1.48002493,-1.516764381,-1.556958729,-0.751734105,-4.817620486
Estimate,93,44,438,169,50,102,74,9503.03,Adams,1.358186961,-1.036521625,-0.77478109,-1.43396927,-1.606432571,-1.241808684,-0.868809003,-5.604135283
Estimate,119,118,395,322,60,180,101,9504,Adams,2.054925889,-0.228382075,-0.898925916,-1.098420892,-1.550389952,-1.000811592,-0.751734105,-3.473738643
Estimate,132,273,1022,438,90,112,131,9505,Adams,2.403295353,1.464342659,0.91127887,-0.844018201,-1.382262096,-1.210911621,-0.621650885,0.720074079
Estimate,30,192,678,922,460,524,408,9601,Asotin,-0.330065058,0.579757475,-0.081879736,0.217455099,0.691314795,0.062047381,0.579450846,1.718080801
Estimate,2,223,1104,930,506,737,484,9602,Asotin,-1.080399288,0.918302422,1.148020166,0.235000112,0.94911084,0.720154826,0.908995003,3.799184082
Estimate,13,360,810,983,145,390,28,9603,Asotin,-0.785625126,2.414452671,0.299216008,0.351235825,-1.074027694,-0.351973265,-1.06826994,-0.214991522
Estimate,37,332,638,524,202,147,94,9604,Asotin,-0.1424815,2.108670138,-0.197363295,-0.655409309,-0.754584767,-1.1027719,-0.782086856,-1.52602749
Estimate,14,278,828,814,339,265,131,9605,Asotin,-0.758827475,1.518946683,0.351183609,-0.01940258,0.013199109,-0.738186555,-0.621650885,-0.254738094
Estimate,161,168,862,834,372,438,177,9606,Asotin,3.180427235,0.317658162,0.449344635,0.024459954,0.19813975,-0.203667362,-0.422189948,3.544172425
Estimate,48,90,477,367,117,107,68,9400,Ferry,0.152292662,-0.534164608,-0.66218462,-0.999730193,-1.230947026,-1.226360153,-0.894825647,-5.395919584
Estimate,36,215,916,645,136,357,227,9701,Ferry,-0.169279151,0.830935984,0.605247439,-0.390040984,-1.124466051,-0.453933574,-0.205384581,-0.906920917
Estimate,77,214,917,602,243,331,167,9702,Ferry,0.929424543,0.82001518,0.608134528,-0.48434543,-0.524810031,-0.534265938,-0.465551021,0.348601832
Estimate,18,72,535,466,189,297,146,9703,Garfield,-0.651636871,-0.730739093,-0.49473346,-0.782610654,-0.827440172,-0.639315953,-0.556609275,-4.683085477
Estimate,15,100,423,436,100,219,131,9601,Lincoln,-0.732029824,-0.42495656,-0.818087425,-0.848404454,-1.326219478,-0.880313046,-0.621650885,-5.651661671
Estimate,36,129,592,748,283,406,188,9602,Lincoln,-0.169279151,-0.108253223,-0.330169388,-0.164148939,-0.300639556,-0.302537964,-0.374492767,-1.749520988
Estimate,15,115,693,582,240,275,162,9603,Lincoln,-0.732029824,-0.261144489,-0.038573402,-0.528207963,-0.541622816,-0.707289492,-0.487231558,-3.296099543
Estimate,64,140,607,797,273,422,178,9604,Lincoln,0.581055079,0.011875629,-0.286863054,-0.056685733,-0.356682175,-0.253102663,-0.41785384,-0.778256756
Estimate,84,154,529,352,217,209,94,9701,Pend Oreille,1.117008101,0.164766895,-0.512055993,-1.032627093,-0.670520839,-0.911210109,-0.782086856,-2.626725894
Estimate,10,163,777,614,276,290,136,9702,Pend Oreille,-0.866018079,0.263054138,0.203942072,-0.45802791,-0.339869389,-0.660943897,-0.599970348,-2.457833414
Estimate,9,181,1129,777,165,248,101,9703,Pend Oreille,-0.89281573,0.459628623,1.22019739,-0.100548266,-0.961942456,-0.790711562,-0.751734105,-1.817926106
Estimate,74,262,618,538,282,220,198,9704,Pend Oreille,0.84903159,1.344213807,-0.255105075,-0.624705535,-0.306243818,-0.877223339,-0.331131694,-0.201164064
Estimate,12,135,586,536,210,429,239,9705,Pend Oreille,-0.812422777,-0.042728394,-0.347491922,-0.629091789,-0.709750672,-0.231474719,-0.153351293,-2.926311567
Estimate,99,150,864,671,254,157,56,2.01,Spokane,1.518972867,0.121083677,0.455118813,-0.333019691,-0.46316315,-1.071874837,-0.946858935,-0.719741256
Estimate,59,80,379,288,154,90,24,2.02,Spokane,0.447066824,-0.643372655,-0.945119339,-1.172987198,-1.023589337,-1.27888516,-1.085614369,-5.702501235
Estimate,118,94,853,560,177,107,25,3.01,Spokane,2.028128238,-0.490481389,0.423360834,-0.576456749,-0.894691314,-1.226360153,-1.081278262,-1.817778795
Estimate,22,113,518,693,206,188,8,3.02,Spokane,-0.544446266,-0.282986099,-0.543813972,-0.284770904,-0.73216772,-0.976093941,-1.154992087,-4.519270989
Estimate,56,234,1025,1057,218,131,100,4,Spokane,0.366673871,1.038431274,0.919940137,0.513527197,-0.664916577,-1.152207201,-0.756070212,0.265378488
Estimate,80,126,935,583,391,303,153,5,Spokane,1.009817497,-0.141015637,0.66010213,-0.526014836,0.304620726,-0.620777715,-0.526256524,0.16047564
Estimate,28,139,851,464,470,437,78,6,Spokane,-0.38366036,0.000954824,0.417586656,-0.786996908,0.747357413,-0.206757069,-0.851464574,-1.062980016
Estimate,27,209,827,1461,674,727,220,7,Spokane,-0.410458011,0.765411156,0.348296521,1.399550364,1.890626834,0.689257763,-0.235737332,4.446947294
Estimate,13,179,977,928,461,966,583,8,Spokane,-0.785625126,0.437787014,0.781359866,0.230613859,0.696919056,1.427697573,1.338269629,4.127021871
Estimate,119,237,1391,1271,420,829,290,9,Spokane,2.054925889,1.071193688,1.976614701,0.9828563,0.46714432,1.004407807,0.067790181,7.624932887
Estimate,165,220,743,1047,640,672,599,10,Spokane,3.287617839,0.885540008,0.105781047,0.49159593,1.700081931,0.519323916,1.407647346,8.397588017
Estimate,6,48,430,764,314,676,300,11,Spokane,-0.973208684,-0.992838406,-0.797877802,-0.129058912,-0.126907438,0.531682741,0.111151254,-2.377057247
Estimate,13,81,542,624,265,291,65,12,Spokane,-0.785625126,-0.63245185,-0.474523837,-0.436096643,-0.40151627,-0.657854191,-0.907833969,-4.295901886
Estimate,37,203,710,899,465,261,174,13,Spokane,-0.1424815,0.699886327,0.010507111,0.167013186,0.719336104,-0.75054538,-0.43519827,0.268517578
Estimate,19,397,1124,1214,540,669,168,14,Spokane,-0.62483922,2.818522446,1.205761945,0.857848081,1.139655744,0.510054797,-0.461214914,5.44578888
Estimate,112,471,1232,1388,513,278,382,15,Spokane,1.867342331,3.626661996,1.517567555,1.239452119,0.988340673,-0.698020373,0.466712055,9.008056357
Estimate,61,255,944,619,199,171,15,16,Spokane,0.500662126,1.267768174,0.68608593,-0.447062277,-0.771397553,-1.028618949,-1.124639335,-0.917201884
Estimate,27,119,507,537,317,449,196,18,Spokane,-0.410458011,-0.21746127,-0.575571951,-0.626898662,-0.110094653,-0.169680593,-0.339803908,-2.449969048
Estimate,59,152,692,740,325,494,245,19,Spokane,0.447066824,0.142925286,-0.041460491,-0.181693952,-0.065260558,-0.030643809,-0.127334649,0.143598652
Estimate,85,134,955,1001,414,322,135,20,Spokane,1.143805752,-0.053649199,0.717843909,0.390712104,0.433518749,-0.562073295,-0.604306456,1.465851564
Estimate,30,128,650,534,394,168,206,21,Spokane,-0.330065058,-0.119174028,-0.162718228,-0.633478042,0.321433511,-1.037888068,-0.296442835,-2.258332746
Estimate,10,404,1004,1112,439,702,412,23,Spokane,-0.866018079,2.894968079,0.859311269,0.634149163,0.573625295,0.612015105,0.596795275,5.304846107
Estimate,67,227,765,778,195,326,161,24,Spokane,0.661448033,0.961985641,0.169297004,-0.098355139,-0.7938146,-0.54971447,-0.491567665,-0.140721196
Estimate,72,99,448,1587,247,186,79,25.01,Spokane,0.795436288,-0.435877365,-0.7459102,1.675884322,-0.502392983,-0.982273354,-0.847128466,-1.042261758
Estimate,14,208,587,870,200,280,39,25.02,Spokane,-0.758827475,0.754490351,-0.344604833,0.103412513,-0.765793291,-0.69184096,-1.020572759,-2.723736455
Estimate,57,67,374,2333,213,18,80,25.03,Spokane,0.393471522,-0.785343116,-0.959554784,3.311956805,-0.692937887,-1.501344015,-0.842792359,-1.076543835
Estimate,145,313,875,1382,328,356,98,26,Spokane,2.751664817,1.901174848,0.486876791,1.226293359,-0.048447772,-0.45702328,-0.764742427,5.095796336
Estimate,24,123,694,690,166,589,165,29,Spokane,-0.490850964,-0.173778051,-0.035686313,-0.291350284,-0.956338195,0.262878291,-0.474223236,-2.159348751
Estimate,63,231,423,394,129,363,125,30,Spokane,0.554257428,1.00566886,-0.818087425,-0.940515773,-1.163695884,-0.435395336,-0.647667529,-2.445435658
Estimate,21,152,548,761,451,1291,406,31,Spokane,-0.571243917,0.142925286,-0.457201303,-0.135638292,0.640876438,2.431852125,0.570778631,2.622348968
Estimate,25,163,577,499,284,799,283,32,Spokane,-0.464053313,0.263054138,-0.373475723,-0.710237475,-0.295035294,0.911716618,0.037437429,-0.630593619
Estimate,14,197,565,816,153,489,253,35,Spokane,-0.758827475,0.634361499,-0.40812079,-0.015016326,-1.029193599,-0.04609234,-0.092645791,-1.715534822
Estimate,49,42,171,834,87,277,266,36.01,Spokane,0.179090313,-1.058363235,-1.545633846,0.024459954,-1.399074882,-0.701110079,-0.036276395,-4.53690817
Estimate,0,100,339,751,220,496,246,36.02,Spokane,-1.13399459,-0.42495656,-1.060602898,-0.157569559,-0.653708054,-0.024464396,-0.122998542,-3.578294599
Estimate,0,90,287,353,249,357,143,38,Spokane,-1.13399459,-0.534164608,-1.210731525,-1.030433966,-0.49118446,-0.453933574,-0.569617597,-5.424060319
Estimate,84,95,288,402,278,268,296,39,Spokane,1.117008101,-0.479560584,-1.207844436,-0.92297076,-0.328660865,-0.728917436,0.093806825,-2.457139155
Estimate,0,104,277,781,443,296,168,40.01,Spokane,-1.13399459,-0.381273341,-1.239602415,-0.091775759,0.596042343,-0.642405659,-0.461214914,-3.354224335
Estimate,39,108,322,503,267,514,220,40.02,Spokane,-0.088886198,-0.337590122,-1.109683411,-0.701464968,-0.390307746,0.031150318,-0.235737332,-2.83251946
Estimate,27,20,185,460,111,524,509,41,Spokane,-0.410458011,-1.298620939,-1.5052146,-0.795769414,-1.264572597,0.062047381,1.017397686,-4.195190494
Estimate,4,53,475,627,181,1080,1202,42,Spokane,-1.026803986,-0.938234383,-0.667958798,-0.429517263,-0.872274266,1.779924093,4.022320067,1.867455463
Estimate,24,20,278,591,312,754,671,43,Spokane,-0.490850964,-1.298620939,-1.236715326,-0.508469823,-0.138115962,0.772679834,1.719847074,-1.180246106
Estimate,13,43,497,970,511,1057,655,44,Spokane,-0.785625126,-1.04744243,-0.604442841,0.322725178,0.97713215,1.708860847,1.650469357,2.221677135
Estimate,38,65,138,463,274,847,912,45,Spokane,-0.115683849,-0.807184726,-1.640907782,-0.789190034,-0.351077913,1.060022521,2.764848941,0.120827158
Estimate,32,195,599,806,357,704,430,46.01,Spokane,-0.276469755,0.61251989,-0.309959765,-0.036947593,0.114075822,0.618194518,0.674845207,1.396258323
Estimate,17,128,482,501,299,640,356,46.02,Spokane,-0.678434522,-0.119174028,-0.647749175,-0.705851222,-0.210971366,0.420453314,0.353973265,-1.587753734
Estimate,26,91,630,606,353,373,109,47.01,Spokane,-0.437255662,-0.523243803,-0.220460007,-0.475572923,0.091658775,-0.404498273,-0.717045246,-2.686417139
Estimate,38,35,484,579,299,595,779,47.02,Spokane,-0.115683849,-1.134808868,-0.641974997,-0.534787343,-0.210971366,0.281416529,2.188146666,-0.168663228
Estimate,32,61,535,804,166,1081,472,48,Spokane,-0.276469755,-0.850867945,-0.49473346,-0.041333846,-0.956338195,1.783013799,0.856961715,0.020232314
Estimate,76,194,363,961,601,1532,760,49,Spokane,0.902626892,0.601599085,-0.991312763,0.302987038,1.481515718,3.176471348,2.105760627,7.579647945
Estimate,8,80,495,579,330,797,816,50,Spokane,-0.919613382,-0.643372655,-0.610217018,-0.534787343,-0.037239248,0.905537205,2.348582637,0.508890197
Estimate,60,124,770,846,363,434,288,101.01,Spokane,0.473864475,-0.162857247,0.183732449,0.050777473,0.147701393,-0.216026188,0.059117966,0.536310323
Estimate,79,56,438,730,371,390,141,101.02,Spokane,0.983019846,-0.905471968,-0.77478109,-0.203625218,0.192535488,-0.351973265,-0.578289812,-1.63858602
Estimate,39,241,1064,907,599,524,224,102.01,Spokane,-0.088886198,1.114876907,1.032536607,0.184558199,1.470307194,0.062047381,-0.218392903,3.557047188
Estimate,32,131,517,916,499,572,548,102.03,Spokane,-0.276469755,-0.086411613,-0.546701061,0.204296339,0.909881007,0.210353284,1.186505872,1.601454073
Estimate,22,62,339,638,284,605,256,102.04,Spokane,-0.544446266,-0.83994714,-1.060602898,-0.40539287,-0.295035294,0.312313593,-0.079637469,-2.912748345
Estimate,48,197,1251,932,573,315,221,103.01,Spokane,0.152292662,0.634361499,1.572422245,0.239386365,1.324596386,-0.583701239,-0.231401225,3.107956693
Estimate,0,56,724,930,260,533,178,103.03,Spokane,-1.13399459,-0.905471968,0.050926356,0.235000112,-0.429537579,0.089854738,-0.41785384,-2.511076772
Estimate,28,306,1445,1378,701,356,102,103.04,Spokane,-0.38366036,1.824729215,2.132517506,1.217520852,2.041941905,-0.45702328,-0.747397998,5.62862784
Estimate,47,201,1211,1563,742,978,820,103.05,Spokane,0.125495011,0.678044718,1.456938686,1.623249283,2.271716641,1.464774048,2.365927066,9.986145454
Estimate,163,490,2183,2059,526,297,239,104.01,Spokane,3.234022537,3.834157286,4.263189168,2.711040102,1.061196078,-0.639315953,-0.153351293,14.31093792
Estimate,64,97,780,557,564,439,155,104.03,Spokane,0.581055079,-0.457718974,0.212603339,-0.583036129,1.274158029,-0.200577656,-0.517584309,0.308899378
Estimate,0,70,685,896,326,455,89,104.04,Spokane,-1.13399459,-0.752580702,-0.061670114,0.160433806,-0.059656296,-0.151142355,-0.803767393,-2.802377644
Estimate,63,87,513,606,300,536,410,105.04,Spokane,0.554257428,-0.566927022,-0.558249417,-0.475572923,-0.205367104,0.099123857,0.588123061,-0.564612121
Estimate,4,96,525,460,470,639,218,105.05,Spokane,-1.026803986,-0.468639779,-0.523604349,-0.795769414,0.747357413,0.417363607,-0.244409547,-1.894506055
Estimate,21,113,651,1408,318,953,715,105.06,Spokane,-0.571243917,-0.282986099,-0.159831139,1.283314652,-0.104490391,1.387531391,1.910635797,3.462930293
Estimate,24,93,649,817,364,727,513,105.07,Spokane,-0.490850964,-0.501402193,-0.165605317,-0.0128232,0.153305655,0.689257763,1.034742116,0.70662386
Estimate,0,119,410,552,323,908,577,105.08,Spokane,-1.13399459,-0.21746127,-0.855619581,-0.594001762,-0.076469081,1.248494606,1.312252985,-0.316798694
Estimate,8,50,574,884,327,583,340,106.01,Spokane,-0.919613382,-0.970996797,-0.38213699,0.134116286,-0.054052034,0.244340054,0.284595547,-1.663747315
Estimate,13,88,758,1057,547,580,343,106.03,Spokane,-0.785625126,-0.556006217,0.149087381,0.513527197,1.178885577,0.235070935,0.297603869,1.032543616
Estimate,0,194,360,635,459,552,692,106.04,Spokane,-1.13399459,0.601599085,-0.99997403,-0.41197225,0.685710533,0.148559158,1.810905328,0.700833233
Estimate,114,20,374,683,191,774,501,107.01,Spokane,1.920937634,-1.298620939,-0.959554784,-0.306702171,-0.816231648,0.83447396,0.982708828,0.357010879
Estimate,12,52,375,464,240,665,428,107.02,Spokane,-0.812422777,-0.949155187,-0.956667695,-0.786996908,-0.541622816,0.497695972,0.666172992,-2.88299642
Estimate,35,93,391,867,214,230,136,108,Spokane,-0.196076802,-0.501402193,-0.910474272,0.096833133,-0.687333625,-0.846326276,-0.599970348,-3.644750383
Estimate,10,86,485,462,248,275,100,109.01,Spokane,-0.866018079,-0.577847826,-0.639087908,-0.791383161,-0.496788721,-0.707289492,-0.756070212,-4.8344854
Estimate,19,45,488,1479,138,431,214,109.02,Spokane,-0.62483922,-1.025600821,-0.630426641,1.439026644,-1.113257527,-0.225295306,-0.261753976,-2.442146847
Estimate,16,123,654,787,406,470,108,110,Spokane,-0.705232173,-0.173778051,-0.151169872,-0.078616999,0.388684654,-0.10479676,-0.721381354,-1.546290555
Estimate,34,105,1080,1142,321,394,199,111.02,Spokane,-0.222874453,-0.370352537,1.078730031,0.699942962,-0.087677605,-0.33961444,-0.326795586,0.431358371
Estimate,23,336,619,648,251,335,53,111.03,Spokane,-0.517648615,2.152353357,-0.252217986,-0.383461604,-0.479975936,-0.521907113,-0.959867257,-0.962725153
Estimate,43,162,1043,714,185,281,65,111.04,Spokane,0.018304406,0.252133333,0.971907739,-0.238715245,-0.849857219,-0.688751254,-0.907833969,-1.442812208
Estimate,1,177,732,875,596,521,212,112.02,Spokane,-1.107196939,0.415945404,0.074023068,0.114378146,1.453494408,0.052778262,-0.270426191,0.732996159
Estimate,16,229,1134,1158,484,640,279,112.03,Spokane,-0.705232173,0.983827251,1.234632835,0.735032989,0.825817079,0.420453314,0.020093,3.514624295
Estimate,154,26,423,263,351,275,148,112.04,Spokane,2.992843677,-1.233096111,-0.818087425,-1.227815365,0.080450251,-0.707289492,-0.54793706,-1.460931524
Estimate,95,64,619,874,240,675,401,113.01,Spokane,1.411782263,-0.818105531,-0.252217986,0.11218502,-0.541622816,0.528593035,0.549098095,0.989712079
Estimate,0,47,756,882,723,985,417,113.02,Spokane,-1.13399459,-1.003759211,0.143313203,0.129730033,2.165235666,1.486401993,0.618475812,2.405402905
Estimate,37,136,1073,1225,656,493,344,114,Spokane,-0.1424815,-0.03180759,1.058520408,0.881972474,1.789750121,-0.033733515,0.301939977,3.824160375
Estimate,42,67,246,379,172,234,154,115,Spokane,-0.008493245,-0.785343116,-1.329102173,-0.973412673,-0.922712623,-0.833967451,-0.521920416,-5.374951697
Estimate,24,79,428,363,139,238,70,116,Spokane,-0.490850964,-0.65429346,-0.80365198,-1.008502699,-1.107653265,-0.821608625,-0.886153432,-5.772714426
Estimate,31,102,547,658,170,187,182,117.01,Spokane,-0.303267407,-0.403114951,-0.460088392,-0.361530337,-0.933921147,-0.979183648,-0.400509411,-3.841615292
Estimate,68,317,1781,1329,771,776,174,117.02,Spokane,0.688245684,1.944858067,3.102579401,1.110057646,2.434240235,0.840653373,-0.43519827,9.685436136
Estimate,91,331,1622,1223,405,684,221,118,Spokane,1.304591659,2.097749333,2.643532254,0.877586221,0.383080392,0.556400392,-0.231401225,7.631539025
Estimate,42,213,1259,1165,489,491,165,119,Spokane,-0.008493245,0.809094375,1.595518957,0.750384875,0.853838389,-0.039912927,-0.474223236,3.486207188
Estimate,56,190,818,1022,480,480,68,120,Spokane,0.366673871,0.557915866,0.32231272,0.436767764,0.803400032,-0.073899697,-0.894825647,1.518344908
Estimate,47,85,520,581,367,233,116,121,Spokane,0.125495011,-0.588768631,-0.538039794,-0.530401089,0.170118441,-0.837057157,-0.686692495,-2.885345715
Estimate,35,190,628,491,229,216,35,122,Spokane,-0.196076802,0.557915866,-0.226234185,-0.727782488,-0.603269697,-0.889582164,-1.037917189,-3.12294666
Estimate,66,224,1695,1049,878,509,255,123,Spokane,0.634650381,0.929223227,2.854289749,0.495982184,3.033896255,0.015701786,-0.083973576,7.879770006
Estimate,52,101,1219,1093,370,1363,478,124.01,Spokane,0.259483266,-0.414035755,1.480035398,0.592479756,0.186931226,2.65431098,0.882978359,5.642183231
Estimate,125,109,812,1115,583,1105,850,124.02,Spokane,2.215711796,-0.326669318,0.304990186,0.640728543,1.380639004,1.857166751,2.496010286,8.568577248
Estimate,9,342,1114,675,231,251,96,125,Spokane,-0.89281573,2.217878186,1.176891056,-0.324247184,-0.592061173,-0.781442443,-0.773414642,0.030788069
Estimate,10,68,857,890,803,525,201,126,Spokane,-0.866018079,-0.774422312,0.43490919,0.147275046,2.613576615,0.065137087,-0.318123372,1.302334175
Estimate,21,68,954,679,400,535,178,127.01,Spokane,-0.571243917,-0.774422312,0.71495682,-0.315474677,0.355059082,0.09603415,-0.41785384,-0.912944694
Estimate,16,106,483,615,174,396,96,127.02,Spokane,-0.705232173,-0.359431732,-0.644862086,-0.455834783,-0.9115041,-0.333435028,-0.773414642,-4.183714543
Estimate,60,136,716,832,519,517,232,128.01,Spokane,0.473864475,-0.03180759,0.027829645,0.0200737,1.021966245,0.040419437,-0.183704044,1.368641867
Estimate,133,78,716,527,397,643,216,128.02,Spokane,2.430093004,-0.665214264,0.027829645,-0.648829929,0.338246297,0.429722433,-0.253081762,1.658765424
Estimate,45,189,708,528,383,217,95,129.01,Spokane,0.071899709,0.546995061,0.004732933,-0.646636802,0.259786631,-0.886492458,-0.777750749,-1.427465676
Estimate,65,175,1593,1443,951,964,421,129.02,Spokane,0.60785273,0.394103795,2.559806674,1.360074084,3.443007371,1.42151816,0.635820241,10.42218306
Estimate,7,31,168,289,94,125,72,130.01,Spokane,-0.946411033,-1.178492087,-1.554295113,-1.170794072,-1.359845049,-1.170745439,-0.877481218,-8.25806401
Estimate,17,74,764,816,306,299,65,130.02,Spokane,-0.678434522,-0.708897483,0.166409915,-0.015016326,-0.171741533,-0.63313654,-0.907833969,-2.948650458
Estimate,40,78,738,1082,559,1080,798,130.03,Spokane,-0.062088547,-0.665214264,0.091345602,0.568355363,1.246136719,1.779924093,2.270532705,5.228991671
Estimate,85,81,1191,1107,444,1581,1089,131.01,Spokane,1.143805752,-0.63245185,1.399196907,0.623183529,0.601646605,3.327866957,3.532339939,9.995587838
Estimate,38,116,1027,961,391,833,374,131.02,Spokane,-0.115683849,-0.250223684,0.925714315,0.302987038,0.304620726,1.016766633,0.432023197,2.616204375
Estimate,1,276,1829,1697,953,629,256,132.01,Spokane,-1.107196939,1.497105073,3.241159671,1.917128254,3.454215895,0.386466544,-0.079637469,9.30924103
Estimate,0,14,365,509,242,695,209,132.03,Spokane,-1.13399459,-1.364145767,-0.985538585,-0.688306208,-0.530414293,0.590387161,-0.283434513,-4.395446796
Estimate,0,29,536,698,401,1133,311,132.04,Spokane,-1.13399459,-1.200333696,-0.491846371,-0.273805271,0.360663344,1.943678528,0.158848435,-0.636789622
Estimate,0,12,487,779,280,299,410,132.05,Spokane,-1.13399459,-1.385987377,-0.63331373,-0.096162012,-0.317452342,-0.63313654,0.588123061,-3.611923531
Estimate,17,117,561,740,300,606,263,133,Spokane,-0.678434522,-0.23930288,-0.419669146,-0.181693952,-0.205367104,0.315403299,-0.049284717,-1.458349022
Estimate,27,59,463,867,420,1482,897,134.01,Spokane,-0.410458011,-0.872709554,-0.702603866,0.096833133,0.46714432,3.021986032,2.699807331,4.299999385
Estimate,0,97,119,481,52,437,149,135.01,Spokane,-1.13399459,-0.457718974,-1.695762472,-0.749713755,-1.595224047,-0.206757069,-0.543600953,-6.38277186
Estimate,0,0,142,337,197,685,454,135.02,Spokane,-1.13399459,-1.517037034,-1.629359426,-1.065523992,-0.782606077,0.559490098,0.778911783,-4.790119238
Estimate,0,11,647,988,376,1568,770,135.03,Spokane,-1.13399459,-1.396908182,-0.171379495,0.362201458,0.220556798,3.287700775,2.1491217,3.317298464
Estimate,28,76,951,847,402,1023,325,136,Spokane,-0.38366036,-0.687055874,0.706295553,0.0529706,0.366267606,1.603810833,0.219553937,1.878182296
Estimate,68,127,748,596,326,403,256,137,Spokane,0.688245684,-0.130094832,0.120216492,-0.49750419,-0.059656296,-0.311807083,-0.079637469,-0.270237694
Estimate,0,0,477,989,315,325,134,138,Spokane,-1.13399459,-1.517037034,-0.66218462,0.364394585,-0.121303176,-0.552804176,-0.608642563,-4.231571575
Estimate,80,131,1117,1124,534,1100,315,139,Spokane,1.009817497,-0.086411613,1.185552323,0.660466683,1.106030173,1.841718219,0.176192864,5.893366144
Estimate,18,68,798,2202,594,677,271,140.01,Spokane,-0.651636871,-0.774422312,0.26457094,3.024657213,1.442285885,0.534772447,-0.014595859,3.825631445
Estimate,59,78,497,1933,567,984,696,140.02,Spokane,0.447066824,-0.665214264,-0.604442841,2.434706144,1.290970814,1.483312286,1.828249757,6.214648721
Estimate,66,102,963,1134,604,1112,515,141,Spokane,0.634650381,-0.403114951,0.740940621,0.682397949,1.498328503,1.878794695,1.04341433,6.075411529
Estimate,111,150,523,1034,482,366,240,142,Spokane,1.84054468,0.121083677,-0.529378527,0.463085284,0.814608556,-0.426126217,-0.149015186,2.134802266
Estimate,44,151,564,556,369,361,171,143,Spokane,0.045102058,0.132004481,-0.411007879,-0.585229256,0.181326965,-0.441574749,-0.448206592,-1.527584972
Estimate,63,132,1008,985,502,367,222,144,Spokane,0.554257428,-0.075490809,0.870859625,0.355622078,0.926693793,-0.423036511,-0.227065118,1.981840487
Estimate,56,216,448,534,188,196,28,145,Spokane,0.366673871,0.841856789,-0.7459102,-0.633478042,-0.833044433,-0.951376291,-1.06826994,-3.023548247
Estimate,52,198,533,475,142,100,65,9410,Stevens,0.259483266,0.645282304,-0.500507638,-0.762872514,-1.090840479,-1.247988097,-0.907833969,-3.605277127
Estimate,45,324,1172,777,434,371,225,9501.01,Stevens,0.071899709,2.0213037,1.344342216,-0.100548266,0.545603986,-0.410677685,-0.214056796,3.257866864
Estimate,32,156,862,672,269,317,199,9501.02,Stevens,-0.276469755,0.186608505,0.449344635,-0.330826564,-0.379099222,-0.577521827,-0.326795586,-1.254759815
Estimate,76,302,1161,727,306,427,118,9502,Stevens,0.902626892,1.781045996,1.312584237,-0.210204598,-0.171741533,-0.237654132,-0.67802028,2.698636583
Estimate,29,110,892,508,140,303,134,9503,Stevens,-0.356862709,-0.315748513,0.535957304,-0.690499335,-1.102049003,-0.620777715,-0.608642563,-3.158622534
Estimate,71,121,762,405,99,293,188,9505,Stevens,0.768638637,-0.195619661,0.160635737,-0.91639138,-1.33182374,-0.651674778,-0.374492767,-2.540727951
Estimate,17,114,686,427,205,244,168,9506,Stevens,-0.678434522,-0.272065294,-0.058783025,-0.868142594,-0.737771982,-0.803070388,-0.461214914,-3.879482717
Estimate,32,163,773,540,187,158,123,9507,Stevens,-0.276469755,0.263054138,0.192393716,-0.620319282,-0.838648695,-1.068785131,-0.656339744,-3.005114753
Estimate,21,184,873,867,272,298,304,9508,Stevens,-0.571243917,0.492391038,0.481102613,0.096833133,-0.362286437,-0.636226247,0.128495683,-0.370934133
Estimate,28,76,451,376,119,131,80,9509,Stevens,-0.38366036,-0.687055874,-0.737248933,-0.979992053,-1.219738502,-1.152207201,-0.842792359,-6.002695282
Estimate,139,281,1130,726,238,193,158,9511,Stevens,2.590878911,1.551709097,1.223084479,-0.212397725,-0.55283134,-0.96064541,-0.504575987,3.135222025
Estimate,38,216,656,456,252,306,129,9513.01,Stevens,-0.115683849,0.841856789,-0.145395694,-0.804541921,-0.474371674,-0.611508596,-0.6303231,-1.939968044
Estimate,0,26,313,367,145,212,120,9513.02,Stevens,-1.13399459,-1.233096111,-1.135667212,-0.999730193,-1.074027694,-0.90194099,-0.669348066,-7.147804854
Estimate,57,158,1383,746,137,293,321,9514.01,Stevens,0.393471522,0.208450114,1.953517989,-0.168535192,-1.118861789,-0.651674778,0.202209508,0.818577375
Estimate,35,169,789,1299,467,455,248,9514.02,Stevens,-0.196076802,0.328578966,0.23858714,1.044263847,0.730544628,-0.151142355,-0.114326327,1.880429096
Estimate,18,45,938,3997,320,274,94,1,Whitman,-0.651636871,-1.025600821,0.668763397,6.961319553,-0.093281867,-0.710379198,-0.782086856,4.367097337
Estimate,78,27,357,888,337,933,478,2.01,Whitman,0.956222195,-1.222175306,-1.008635297,0.142888793,0.001990585,1.325737264,0.882978359,1.079006593
Estimate,51,36,104,642,163,406,304,2.02,Whitman,0.232685615,-1.123888063,-1.739068807,-0.396620364,-0.97315098,-0.302537964,0.128495683,-4.17408488
Estimate,13,20,510,864,287,1456,1073,3,Whitman,-0.785625126,-1.298620939,-0.566910684,0.090253753,-0.278222509,2.941653668,3.462962221,3.565490385
Estimate,14,45,572,756,220,864,854,4,Whitman,-0.758827475,-1.025600821,-0.387911168,-0.146603925,-0.653708054,1.112547528,2.513354716,0.653250802
Estimate,0,37,709,2469,158,116,76,5,Whitman,-1.13399459,-1.112967258,0.007620022,3.610222029,-1.001172289,-1.198552796,-0.860136788,-1.688981672
Estimate,20,90,302,1677,244,566,214,6.01,Whitman,-0.598041569,-0.534164608,-1.16742519,1.873265721,-0.519205769,0.191815046,-0.261753976,-1.015510344
Estimate,26,34,527,1488,699,510,396,6.02,Whitman,-0.437255662,-1.145729673,-0.517830171,1.458764784,2.030733381,0.018791493,0.527417558,1.934891709
Estimate,7,93,622,763,382,593,265,7,Whitman,-0.946411033,-0.501402193,-0.243556719,-0.131252039,0.254182369,0.275237117,-0.040612503,-1.333815001
Estimate,26,153,908,634,452,499,242,8,Whitman,-0.437255662,0.153846091,0.582150727,-0.414165377,0.6464807,-0.015195277,-0.140342971,0.375518231
Estimate,69,207,957,748,397,499,176,9,Whitman,0.715043335,0.743569546,0.723618087,-0.164148939,0.338246297,-0.015195277,-0.426526055,1.914606994
Estimate,26,95,274,458,194,438,113,10,Whitman,-0.437255662,-0.479560584,-1.248263681,-0.800155668,-0.799418862,-0.203667362,-0.699700817,-4.668022636
,,,,,,,,,,,,,,,,,
,,,,,,,,,,,,,,,,,
