"NAME","GEOID","has_computer","mean_u_mbps","number_providers","mean_d_mbps","with_internet","index"
"Census Tract 9601, Asotin County, Washington",53003960100,0.502450112959202,0.283138499075115,1.70942179945995,-1.0591396889579,0.516743035949656,3.04907247841518
"Census Tract 9602, Asotin County, Washington",53003960200,0.881535980428212,-0.430446736173577,2.2108891344717,-0.640565628169329,0.919443424403762,4.33297847220917
"Census Tract 9603, Asotin County, Washington",53003960300,-0.199223247500265,-0.27278359489505,1.2079544644482,-0.314475758480516,-0.27148094713824,-0.471906316689123
"Census Tract 9604, Asotin County, Washington",53003960400,-0.815237782137407,-0.405861477074884,-0.296447540587057,-0.855231588223899,-0.941375906130615,-4.22240189327388
"Census Tract 9605, Asotin County, Washington",53003960500,-0.0789363857072135,-0.475828753012512,-0.296447540587057,-0.0899203139832479,-0.191322575976759,-1.1422477940568
"Census Tract 9606, Asotin County, Washington",53003960600,0.280101671462955,-0.406505812304115,0.205019794424694,-0.57834858624442,0.178932757483415,0.530310989087083
"Census Tract 2.01, Spokane County, Washington",53063000201,-0.381476068398828,-0.446350505409979,-0.797914875598808,0.811892161818029,-0.227584696264095,-1.98556503276151
"Census Tract 2.02, Spokane County, Washington",53063000202,-1.49139574767107,1.48199831412018,-0.296447540587057,1.23536712696391,-1.49485037367417,-4.27944910964408
"Census Tract 3.01, Spokane County, Washington",53063000301,-0.660322884373628,-0.420424919331949,-0.296447540587057,0.800428676987696,-0.616925356191288,-2.89816084247252
"Census Tract 3.02, Spokane County, Washington",53063000302,-0.806125141092479,0.544635093511531,-0.296447540587057,1.02700701412009,-0.802053022921375,-2.53207535649033
"Census Tract 4, Spokane County, Washington",53063000400,0.181685148177731,0.390416247410894,0.205019794424694,0.710484904576916,0.291536183638828,1.58678162338556
"Census Tract 5, Spokane County, Washington",53063000500,-0.037018236900544,0.880566800884796,0.205019794424694,0.543471990491229,0.0873231904417224,1.16750299515287
"Census Tract 6, Spokane County, Washington",53063000600,-0.221093586008092,-0.0575297409469662,-0.296447540587057,0.874049299803249,-0.141700727162509,-0.745670453595181
"Census Tract 7, Spokane County, Washington",53063000700,1.35903837118245,1.05614589674467,-0.296447540587057,1.4241518148504,1.28969875786394,6.50754193015182
"Census Tract 8, Spokane County, Washington",53063000800,0.817747493113715,1.35304384341239,-0.296447540587057,0.696635139154436,0.900358097936743,4.65787463136342
"Census Tract 9, Spokane County, Washington",53063000900,1.43740708416883,1.30331505587493,-0.296447540587057,0.926540368085004,1.47482642459402,7.05671423601392
"Census Tract 10, Spokane County, Washington",53063001000,1.34628067371955,1.36644475930193,-0.296447540587057,0.759453103142347,1.36604006373201,6.68413201358766
"Census Tract 11, Spokane County, Washington",53063001100,-0.140902344812725,1.25354294058175,-0.296447540587057,0.946034799495148,0.0968658536752321,1.07554612007771
"Census Tract 12, Spokane County, Washington",53063001200,-0.829818007809292,0.290443498968607,-0.296447540587057,0.481547533525178,-0.748614108813721,-2.92334089509852
"Census Tract 13, Spokane County, Washington",53063001300,0.0577532299667086,-0.234988169000921,0.205019794424694,0.809689479209202,0.119768245435655,0.458758537154534
"Census Tract 14, Spokane County, Washington",53063001400,1.69985114626276,1.46558423430594,0.205019794424694,1.11333042504508,1.77064898483282,8.66896402121807
"Census Tract 15, Spokane County, Washington",53063001500,1.28978229924099,2.43869679006153,-0.296447540587057,0.737622607218004,1.20190625611565,7.33600530306954
"Census Tract 16, Spokane County, Washington",53063001600,-0.38876618123477,1.99961445252113,-0.296447540587057,1.05761213529061,-0.368816112120038,0.544306876239145
"Census Tract 18, Spokane County, Washington",53063001800,-0.549148663625505,1.18797837044637,-0.296447540587057,0.597540747608483,-0.534858452383105,-1.01296479801263
"Census Tract 19, Spokane County, Washington",53063001900,-0.0169704266017022,1.15036218001253,-0.296447540587057,0.535953383488691,0.0434269395675781,1.09454377037003
"Census Tract 20, Spokane County, Washington",53063002000,0.385808307584121,2.12530453271259,-0.296447540587057,0.76284342978348,0.413682273027752,3.64169016744362
"Census Tract 21, Spokane County, Washington",53063002100,-0.560083832879419,1.45767863376709,-0.296447540587057,0.667187666960741,-0.452791548574922,-0.645461521206641
"Census Tract 23, Spokane County, Washington",53063002300,0.956259636996623,1.0298415098061,-0.296447540587057,0.719288447100717,1.0568577749663,4.924620415281
"Census Tract 24, Spokane County, Washington",53063002400,-0.736869069151025,0.546828628129517,-0.296447540587057,0.0107594604334257,-0.731437314993403,-2.55588229607412
"Census Tract 25.01, Spokane County, Washington",53063002501,-0.532745909744635,2.11270044977308,-0.296447540587057,0.876123889400286,-0.475693940335346,0.084047453069139
"Census Tract 25.02, Spokane County, Washington",53063002502,-1.02118346975278,1.5902705511258,-0.296447540587057,0.443664714266026,-1.09024145257337,-2.64848041985524
"Census Tract 25.03, Spokane County, Washington",53063002503,-2.19124657992156,0.243128902003645,-0.296447540587057,0.642037086997335,-2.15711120207974,-8.35268192298499
"Census Tract 26, Spokane County, Washington",53063002600,1.15856026819403,-0.588785019681728,-0.296447540587057,0.00291460653174465,1.26297930081011,3.95745091120974
"Census Tract 29, Spokane County, Washington",53063002900,-0.385121124816799,-0.250186544698214,-0.296447540587057,1.14627455062535,-0.250487088024518,-1.41946964630362
"Census Tract 30, Spokane County, Washington",53063003000,-0.975620264528142,-0.338407121017354,0.205019794424694,1.31498321728266,-0.992906287591567,-3.67489382795595
"Census Tract 31, Spokane County, Washington",53063003100,1.23510645297142,1.34477061371497,-0.296447540587057,1.16909627261609,1.41947897783967,6.57722983677627
"Census Tract 32, Spokane County, Washington",53063003200,0.050463117130766,-0.00278376205755352,0.205019794424694,0.547056629049249,0.0968658536752321,0.553882065741812
"Census Tract 35, Spokane County, Washington",53063003500,0.134299414744105,0.171557477321839,0.706487129436445,0.0475666158803383,0.0644207986812993,1.06088260224208
"Census Tract 36.01, Spokane County, Washington",53063003601,-0.456199724967238,0.0317681412568306,-0.296447540587057,0.798053807361991,-0.391718503880461,-1.6296694565614
"Census Tract 36.02, Spokane County, Washington",53063003602,0.263698917582084,-0.345885437422915,-0.296447540587057,0.432330875498882,0.367877489506905,0.791381276291594
"Census Tract 38, Spokane County, Washington",53063003800,-0.973797736319156,-0.752795314908625,-0.296447540587057,0.387126321305476,-0.939467373483913,-4.58844942753161
"Census Tract 39, Spokane County, Washington",53063003900,-0.79701250004755,-0.309469639787963,-0.296447540587057,1.12630902552345,-0.872668730849346,-3.40057786753012
"Census Tract 40.01, Spokane County, Washington",53063004001,-0.139079816603739,1.34706775350536,-0.296447540587057,0.456957325971385,-0.0176461051268835,0.864847594776691
"Census Tract 40.02, Spokane County, Washington",53063004002,-0.239318868097949,1.11276148202907,-0.296447540587057,0.396837669659927,-0.0920788783482585,0.262713999484001
"Census Tract 41, Spokane County, Washington",53063004100,-0.653032771537686,-0.22838571698315,-0.296447540587057,0.590020140185878,-0.636010682658307,-2.78387123065552
"Census Tract 42, Spokane County, Washington",53063004200,0.868778282965313,1.2415075981769,-0.296447540587057,1.30830667109527,0.995784730271839,4.99492516325952
"Census Tract 43, Spokane County, Washington",53063004300,0.0632208145936654,-0.133240535821591,-0.296447540587057,0.824144301283734,0.165573028956501,0.319356964981915
"Census Tract 44, Spokane County, Washington",53063004400,1.18407566311983,0.131193277884,-0.296447540587057,1.31461558949707,1.04540657908609,4.79820514456579
"Census Tract 45, Spokane County, Washington",53063004500,0.17804009175976,1.31898371331956,0.205019794424694,1.11609863180249,0.238097269531175,2.51628255650148
"Census Tract 46.01, Spokane County, Washington",53063004601,0.648252369678052,-0.440548691636432,-0.296447540587057,0.550750874877001,0.631254994751771,2.08088449810548
"Census Tract 46.02, Spokane County, Washington",53063004602,-0.423394217205497,0.0137622722593253,-0.296447540587057,0.306894598438013,-0.395535569173865,-1.71443192882532
"Census Tract 47.01, Spokane County, Washington",53063004701,-0.567373945715361,-0.536746533271868,-0.797914875598808,0.726774281882762,-0.500504864742471,-2.95240316839058
"Census Tract 47.02, Spokane County, Washington",53063004702,0.32384234847861,-0.597397179945234,0.205019794424694,0.679407067265134,0.480480915662319,1.25275643999675
"Census Tract 48, Spokane County, Washington",53063004800,1.08019155520765,-0.562583979933237,-0.296447540587057,0.843916008889234,0.757218149434098,3.3233411737119
"Census Tract 49, Spokane County, Washington",53063004900,1.57956428446971,-0.2509740337416,0.205019794424694,0.885194138203962,1.80118550718005,6.68690000498743
"Census Tract 50, Spokane County, Washington",53063005000,0.717508441619505,-0.518604612692627,-0.296447540587057,0.436729374759893,0.631254994751771,2.14782740499957
"Census Tract 101.01, Spokane County, Washington",53063010101,-0.0989841960060554,-0.624844373231148,0.205019794424694,-1.07021043621152,0.0147989498670493,-1.01788707729972
"Census Tract 101.02, Spokane County, Washington",53063010102,-0.744159181986967,-0.961203323143588,-1.80084954562231,-1.28651561006735,-0.704717857939577,-5.33133184421005
"Census Tract 102.01, Spokane County, Washington",53063010201,0.609979277289354,-1.03656843180823,-0.296447540587057,-1.71211476494014,0.444218795374982,0.478123095692844
"Census Tract 102.03, Spokane County, Washington",53063010203,0.110606548027292,-0.845748074911707,-0.296447540587057,-0.609311040554933,0.184658355423521,-0.643536987909067
"Census Tract 102.04, Spokane County, Washington",53063010204,-0.818882838555378,-0.957579995322263,-0.296447540587057,-1.92664789802183,-0.689449596765961,-4.72641446106675
"Census Tract 103.01, Spokane County, Washington",53063010301,0.810457380277772,-0.43202558297199,-0.296447540587057,1.02598246557299,0.734315757673675,2.78602642096227
"Census Tract 103.03, Spokane County, Washington",53063010303,-0.324977693920273,-1.0688204481043,1.2079544644482,-1.98707491123911,-0.20277377185697,-1.95589579912861
"Census Tract 103.04, Spokane County, Washington",53063010304,1.24968667864331,-1.01679349133647,0.706487129436445,-1.80838172612948,1.20190625611565,3.79459635525702
"Census Tract 103.05, Spokane County, Washington",53063010305,2.21562662940569,-0.833391996444164,0.205019794424694,-0.719226339559168,2.31648932178957,7.98887719371394
"Census Tract 104.01, Spokane County, Washington",53063010401,0.451419323107604,-0.235942304832023,0.706487129436445,0.692536595203165,0.543462493003483,2.33640825418513
"Census Tract 104.03, Spokane County, Washington",53063010403,-0.437974442877382,-0.97189161445156,0.205019794424694,-1.60743892553628,-0.32110279595249,-2.84248385956552
"Census Tract 104.04, Spokane County, Washington",53063010404,-0.421571688996511,-1.06668170754153,-0.296447540587057,-1.86494821292014,-0.477602472982047,-3.5074734642212
"Census Tract 105.04, Spokane County, Washington",53063010504,-0.148192457648667,-0.670005846708438,-0.797914875598808,0.421944415766565,-0.0195546377735854,-1.4322776694124
"Census Tract 105.05, Spokane County, Washington",53063010505,-0.268479319441719,-0.482063356991396,-0.296447540587057,0.453915289421024,-0.164603118922932,-1.43098947209265
"Census Tract 105.06, Spokane County, Washington",53063010506,1.59596703835058,-0.545283258323377,-0.00000000000000267235479085182,0.661937041171672,1.69621621161145,6.10130017427825
"Census Tract 105.07, Spokane County, Washington",53063010507,0.367583025494265,-0.317837631023577,-0.296447540587057,0.977534287523518,0.432767599494771,1.33444206576797
"Census Tract 105.08, Spokane County, Washington",53063010508,-0.137257288394754,-0.31815726605758,-0.296447540587057,-0.357379529204899,-0.0863532804081528,-1.07049959022728
"Census Tract 106.01, Spokane County, Washington",53063010601,-0.177352908992437,-0.16797230246937,-0.296447540587057,0.148596612545633,-0.0252802357136912,-0.792353125723548
"Census Tract 106.03, Spokane County, Washington",53063010603,0.903406318936039,0.926551356984092,-0.296447540587057,0.380678179588543,1.0530407096729,4.58547932762848
"Census Tract 106.04, Spokane County, Washington",53063010604,-0.210158416754179,2.17437180286113,-0.296447540587057,0.769836348179895,-0.0749020845279412,1.49291237958273
"Census Tract 107.01, Spokane County, Washington",53063010701,0.10696149160932,-0.0910071581898557,-0.296447540587057,0.767548491943005,0.175115692190011,0.467672648920665
"Census Tract 107.02, Spokane County, Washington",53063010702,-0.461667309594195,1.77337840579849,-0.797914875598808,1.34984454023007,-0.332553991832701,-0.0408628241069751
"Census Tract 108, Spokane County, Washington",53063010800,-1.03029611079771,0.260886787640405,-0.296447540587057,0.46471762149595,-1.04634520169922,-3.88322448324758
"Census Tract 109.01, Spokane County, Washington",53063010901,-1.06674667497742,-0.47040060504476,-0.296447540587057,0.0899582650336424,-1.0291684078789,-4.76636919476191
"Census Tract 109.02, Spokane County, Washington",53063010902,-1.28180500363773,-0.237464375256458,-0.296447540587057,0.957332994182565,-1.17039982373485,-5.02948659587396
"Census Tract 110, Spokane County, Washington",53063011000,-0.000567672720831507,-0.181114008551387,-0.296447540587057,0.958222150049519,0.0396098742741743,-0.0256157995873284
"Census Tract 111.02, Spokane County, Washington",53063011102,0.435016569226733,0.450894612395779,-0.296447540587057,0.145775918698426,0.583541678584223,2.21074056611051
"Census Tract 111.03, Spokane County, Washington",53063011103,0.0613982863846798,-0.43350019864507,-0.296447540587057,0.283479249848578,0.165573028956501,-0.134249741672229
"Census Tract 111.04, Spokane County, Washington",53063011104,-0.408813991533612,0.00153931557102888,-0.296447540587057,0.464600538671423,-0.342096655066211,-1.56756735954717
"Census Tract 112.02, Spokane County, Washington",53063011202,0.252763748328171,-0.89147975906069,-0.296447540587057,-1.25877917517125,0.289627650992127,-0.371679864289546
"Census Tract 112.03, Spokane County, Washington",53063011203,1.69985114626276,0.11944061795846,-0.296447540587057,0.162995596602421,1.57788718751593,6.5021347302583
"Census Tract 112.04, Spokane County, Washington",53063011204,-0.92641200288553,0.297292762404144,-0.797914875598808,0.58586431301987,-0.8268639473285,-3.56053869822871
"Census Tract 113.01, Spokane County, Washington",53063011301,0.139766999371062,-0.528785701330914,-0.296447540587057,1.15411494513381,0.318255640692655,0.44477469761418
"Census Tract 113.02, Spokane County, Washington",53063011302,1.10752947834243,-0.215434885214776,-0.296447540587057,1.10487466522669,1.14655880936129,4.35007743555542
"Census Tract 114, Spokane County, Washington",53063011400,1.09112672446156,-0.514319442878645,0.205019794424694,0.900716039452695,1.3507718025584,4.56647629268122
"Census Tract 115, Spokane County, Washington",53063011500,-1.43125231677455,-0.208020516377057,-0.797914875598808,0.343442916015378,-1.36125308840504,-6.1495768980352
"Census Tract 116, Spokane County, Washington",53063011600,-1.23077421378613,-0.360085939587316,-0.797914875598808,1.37741694980835,-1.17421688902825,-5.21870176083117
"Census Tract 117.01, Spokane County, Washington",53063011701,-0.700418504971312,-0.319032392320051,-0.797914875598808,1.5580212218674,-0.67799840088575,-3.08352172638752
"Census Tract 117.02, Spokane County, Washington",53063011702,3.08861764150981,-0.311339832968178,-0.797914875598808,0.871479536374768,2.72300677553708,11.108848743184
"Census Tract 118, Spokane County, Washington",53063011800,1.97140784940162,-0.566408061479363,-1.29938221061056,0.623254275407984,1.30687555168425,5.64813936368469
"Census Tract 119, Spokane County, Washington",53063011900,0.883358508637198,-0.394294839703697,-0.797914875598808,0.752935682773965,0.959522609984502,2.9227040786027
"Census Tract 120, Spokane County, Washington",53063012000,0.681057877439793,-0.66290797627682,-0.296447540587057,0.744147739574265,0.761035214727502,2.18940242104166
"Census Tract 121, Spokane County, Washington",53063012100,-0.69312839213537,-0.535414864228022,-0.797914875598808,0.691856316355424,-0.653187476478625,-3.49480886721571
"Census Tract 122, Spokane County, Washington",53063012200,-0.988377961991041,-0.365604504072687,-0.296447540587057,-0.129933770516327,-1.00435748347178,-4.49685392085987
"Census Tract 123, Spokane County, Washington",53063012300,1.56316153058884,-0.176280065616153,-0.296447540587057,0.453626148768965,1.61987490574337,6.01543705363497
"Census Tract 124.01, Spokane County, Washington",53063012401,0.795877154605887,-0.11304023996413,-0.797914875598808,0.39604695863589,0.90799222852355,2.79342282941373
"Census Tract 124.02, Spokane County, Washington",53063012402,1.83289570551871,-0.542393585449361,-0.797914875598808,0.609073068803502,1.91569746598217,6.48896477695892
"Census Tract 125, Spokane County, Washington",53063012500,-0.304929883621431,-0.662209654450845,-0.797914875598808,0.638546407100883,-0.132158063928999,-1.91646898841186
"Census Tract 126, Spokane County, Washington",53063012600,0.465999548779489,-0.269515624801729,-0.797914875598808,1.2067132169983,0.329706836572867,1.23435616828527
"Census Tract 127.01, Spokane County, Washington",53063012701,0.314729707433682,-0.344173355965882,-1.29938221061056,0.725985177998425,0.367877489506905,0.370043558846021
"Census Tract 127.02, Spokane County, Washington",53063012702,-0.968330151692199,-0.27906007257714,-1.29938221061056,0.646969676700741,-0.901296720549875,-4.62765051984189
"Census Tract 128.01, Spokane County, Washington",53063012801,0.369405553703251,-0.224295728955393,-1.29938221061056,0.89382719986432,0.432767599494771,0.764884919208655
"Census Tract 128.02, Spokane County, Washington",53063012802,-0.133612231976782,-0.300192191927829,-1.29938221061056,1.38584780221486,-0.0100119745400758,-1.06042419742145
"Census Tract 129.01, Spokane County, Washington",53063012901,-0.596534397059131,-0.564966320258526,-1.29938221061056,0.856339417505349,-0.655096009125327,-3.55175796101
"Census Tract 129.02, Spokane County, Washington",53063012902,2.02608369567119,-0.663794095853171,-1.29938221061056,0.777075154241328,1.82981349688058,6.47210132697685
"Census Tract 130.01, Spokane County, Washington",53063013001,-1.80122554319863,-0.738020087190553,-1.29938221061056,-0.034509126129646,-1.7143316280449,-8.52556735900538
"Census Tract 130.02, Spokane County, Washington",53063013002,-0.288527129740561,-0.0796095169442928,-1.29938221061056,0.944712562752289,-0.307743067425576,-1.789482423072
"Census Tract 130.03, Spokane County, Washington",53063013003,1.43922961237781,0.329684298159079,-0.797914875598808,0.4334070180809,1.57788718751593,5.80318813586429
"Census Tract 131.01, Spokane County, Washington",53063013101,3.60257059644375,-0.468566382557287,-1.29938221061056,0.834963350135654,3.10853037017087,12.4723519231752
"Census Tract 131.02, Spokane County, Washington",53063013102,1.08019155520765,-0.112367802489304,-2.30231688063406,0.529210995811814,1.26488783345681,3.0965770760787
"Census Tract 132.01, Spokane County, Washington",53063013201,2.27577006030222,-0.0191132368221795,-0.797914875598808,1.00400203703817,2.29358693002915,8.76365176619778
"Census Tract 132.03, Spokane County, Washington",53063013203,-0.618404735566959,0.447419090963067,-0.797914875598808,0.690219616447142,-0.51959019120949,-2.17236676733496
"Census Tract 132.04, Spokane County, Washington",53063013204,0.29468189713484,-0.432330435760978,-0.00000000000000267235479085182,0.191206904871709,0.383145750680521,0.925893753207108
"Census Tract 132.05, Spokane County, Washington",53063013205,-0.323155165711287,-0.224086312407071,-2.30231688063406,0.503525477830012,-0.300108936838768,-2.77573016515894
"Census Tract 133, Spokane County, Washington",53063013300,-0.376008483771871,-0.938917964977515,1.70942179945995,-1.27860663988354,-0.374541710060143,-1.67191891603498
"Census Tract 134.01, Spokane County, Washington",53063013401,1.12028717580533,-0.545437571453672,-0.797914875598808,0.583869905632283,1.29542435580404,3.79972770235958
"Census Tract 135.01, Spokane County, Washington",53063013501,-1.37657647050498,-0.97956473023127,0.205019794424694,-1.51370982814494,-1.38797254545887,-6.70097572526099
"Census Tract 135.02, Spokane County, Washington",53063013502,-0.935524643930458,-0.863647313477116,0.205019794424694,-1.64519907524553,-0.842132208502115,-4.74322162186871
"Census Tract 135.03, Spokane County, Washington",53063013503,1.47750270476651,-0.25619114979502,0.205019794424694,-0.112856766067854,1.68476501573123,5.96415196805481
"Census Tract 136, Spokane County, Washington",53063013600,0.927099185652853,-0.524688903894411,0.706487129436445,-0.2296117307883,1.00723592615205,3.64353151543362
"Census Tract 137, Spokane County, Washington",53063013700,-0.124499590931854,-0.441801566888141,1.2079544644482,-0.453971286512456,-0.151243390396018,-0.31754402200204
"Census Tract 138, Spokane County, Washington",53063013800,-1.04852139288757,-0.536193497203887,0.706487129436445,0.8328636343115,-1.06543052816624,-3.97497881139932
"Census Tract 139, Spokane County, Washington",53063013900,1.27155701715114,-0.905259830592912,0.706487129436445,-0.482962519794388,1.48246055518083,4.74316105536846
"Census Tract 140.01, Spokane County, Washington",53063014001,0.491514943705288,1.8135839065325,-0.296447540587057,0.0401563431295388,0.367877489506905,3.33191370496127
"Census Tract 140.02, Spokane County, Washington",53063014002,1.96958532119263,1.29334889891957,0.205019794424694,-0.248044613362136,2.0492947512513,9.17580683664381
"Census Tract 141, Spokane County, Washington",53063014100,1.44651972521376,-0.444125162101097,1.2079544644482,-0.701684045556025,1.53971653458189,5.96638931824023
"Census Tract 142, Spokane County, Washington",53063014200,0.0686883992206223,-0.869756412552033,1.70942179945995,-1.60711140423083,-0.0901703457015566,-0.174899791338845
"Census Tract 143, Spokane County, Washington",53063014300,-0.640275074074787,-0.936677843108766,2.2108891344717,-1.83245749224821,-0.622650954131394,-2.53275401127748
"Census Tract 144, Spokane County, Washington",53063014400,0.444129210271661,-0.203814104326912,-0.296447540587057,0.262374870991322,0.499566242129338,1.52052060202903
"Census Tract 145, Spokane County, Washington",53063014500,-1.11959999303801,-0.03377560994842,0.706487129436445,0.292190598018892,-1.16658275844144,-3.97375355646189
"Census Tract 9410, Stevens County, Washington",53065941000,-1.19796870602439,-0.684188907821779,-0.296447540587057,-1.85403179080584,-1.46049678603354,-6.48544768017306
"Census Tract 9501.01, Stevens County, Washington",53065950101,0.369405553703251,-0.892784278666496,-0.797914875598808,-1.10030816584096,0.175115692190011,-0.510246098785166
"Census Tract 9501.02, Stevens County, Washington",53065950102,-0.361428258099986,-0.913053422646534,0.205019794424694,-1.1760369435658,-0.416529428287586,-2.59769581085162
"Census Tract 9502, Stevens County, Washington",53065950200,-0.146369929439682,-0.86657993222207,1.70942179945995,-1.06761353377834,-0.349730785653018,-0.9221178474008
"Census Tract 9503, Stevens County, Washington",53065950300,-0.749626766613924,-0.729336253549855,1.70942179945995,0.0260683912655429,-0.687541064119259,-2.4714902980223
"Census Tract 9505, Stevens County, Washington",53065950500,-0.620227263775945,-0.760213469286645,1.2079544644482,0.0158154840222842,-0.657004541772028,-2.45264967103921
"Census Tract 9506, Stevens County, Washington",53065950600,-0.908186720795674,-0.854350508505595,1.70942179945995,-1.07000233268251,-0.870760198202644,-3.57564145006637
"Census Tract 9507, Stevens County, Washington",53065950700,-0.924589474676544,-0.861764975698449,0.205019794424694,-0.52797391435073,-0.901296720549875,-4.46598066018224
"Census Tract 9508, Stevens County, Washington",53065950800,-0.281237016904618,-0.955382674867772,1.2079544644482,-1.45433605698303,-0.384084373293653,-1.83229167276417
"Census Tract 9509, Stevens County, Washington",53065950900,-1.42213967572962,-0.979145432121056,0.205019794424694,-1.42065378662798,-1.49866743896758,-6.94393417981276
"Census Tract 9511, Stevens County, Washington",53065951100,0.0632208145936654,-0.980331968037746,0.205019794424694,-1.12058029739349,-0.294383338898663,-1.3967500685651
"Census Tract 9513.01, Stevens County, Washington",53065951301,-1.04123128005162,-1.02081997735559,-0.296447540587057,-1.34368437021789,-0.992906287591567,-5.6047544062244
"Census Tract 9513.02, Stevens County, Washington",53065951302,-1.54789412214963,-0.944312821933597,0.205019794424694,-0.948835662378031,-1.55783195101534,-7.17298061409345
"Census Tract 9514.01, Stevens County, Washington",53065951401,-0.423394217205497,-1.01465671859459,-1.29938221061056,-1.84991176916645,-0.540584050323211,-4.18534178105989
"Census Tract 9514.02, Stevens County, Washington",53065951402,0.247296163701214,-0.864560171775015,-0.296447540587057,-0.567631088970146,0.251456998058088,-0.208637488292234
"Census Tract 9601, Lincoln County, Washington",53043960100,-1.19432364960642,-1.13453657283662,-0.296447540587057,-1.83123944798417,-1.14177183403432,-6.45588570240797
"Census Tract 9602, Lincoln County, Washington",53043960200,-0.191933134664322,-1.00954635112327,2.2108891344717,-1.51556180149321,-0.145517792455912,-0.701837180913954
"Census Tract 9603, Lincoln County, Washington",53043960300,-0.591066812432175,-0.56301017062792,1.2079544644482,-1.62786494766138,-0.769607967927442,-2.83319732754694
"Census Tract 9604, Lincoln County, Washington",53043960400,-0.241141396306934,-1.00204433895027,2.2108891344717,-1.87736952589726,-0.290566273605259,-1.13002642678325
"Census Tract 9400, Ferry County, Washington",53019940000,-1.5770545734934,-0.981497316817069,1.70942179945995,-1.95303067928538,-1.71242309539819,-6.8376277738393
"Census Tract 9701, Ferry County, Washington",53019970100,-0.530923381535649,-0.895513310989397,1.70942179945995,-1.44567562133805,-0.954735634657529,-2.88650908206485
"Census Tract 9702, Ferry County, Washington",53019970200,-0.59288934064116,-0.935235554799325,1.70942179945995,-1.44860530440663,-0.645553345891817,-2.64931092679677
"Census Tract 9703, Garfield County, Washington",53023970300,-0.895429023332774,1.30848368791043,1.70942179945995,-1.09743786904333,-0.949010036717423,-1.57959604461199
"Census Tract 9701, Pend Oreille County, Washington",53051970100,-0.940992228557415,-0.735278574463229,-0.797914875598808,-1.66278317885247,-1.07879025669315,-5.61008713690402
"Census Tract 9702, Pend Oreille County, Washington",53051970200,-0.498117873773908,-0.43723509750663,2.2108891344717,-1.65392344732929,-0.823046882035096,-1.91941636628025
"Census Tract 9703, Pend Oreille County, Washington",53051970300,-0.308574940039402,0.427325009978401,-0.797914875598808,-1.47507192789581,-0.685632531472557,-2.27886715019229
"Census Tract 9704, Pend Oreille County, Washington",53051970400,-0.492650289146951,0.800486310862632,-0.296447540587057,-1.59427118435625,-0.655096009125327,-2.0597517733058
"Census Tract 9705, Pend Oreille County, Washington",53051970500,-0.632984961238844,0.258736120584207,-0.296447540587057,-1.55396532404547,-0.779150631160952,-3.09942275733325
"Census Tract 1, Whitman County, Washington",53075000100,-0.416104104369554,2.22614286811267,-0.296447540587057,0.110707101789539,-0.473785407688644,0.265475339411609
"Census Tract 2.01, Whitman County, Washington",53075000201,0.892471149682126,2.81452828426641,0.205019794424694,0.39166158387338,1.08739429731353,6.74585901224902
"Census Tract 2.02, Whitman County, Washington",53075000202,-0.807947669301464,2.06066703347044,-0.797914875598808,0.187227882884658,-0.796327424981269,-1.63788981809862
"Census Tract 3, Whitman County, Washington",53075000300,1.75452699253233,1.75995961731745,1.70942179945995,0.515237990531811,1.81454523570696,9.93477604218504
"Census Tract 4, Whitman County, Washington",53075000400,0.70292821594762,1.71533946283118,-0.296447540587057,-0.041189841089797,0.564456352117204,4.02564962464738
"Census Tract 5, Whitman County, Washington",53075000500,-1.74654969692906,-0.777855816031797,-0.797914875598808,0.319174735789302,-2.13802587561272,-8.59490644328662
"Census Tract 6.01, Whitman County, Washington",53075000601,1.57045164342478,3.36493096376946,-0.296447540587057,0.796755915826868,1.11983935230746,8.84231315613125
"Census Tract 6.02, Whitman County, Washington",53075000602,1.01822559610213,2.90981566995094,-0.797914875598808,0.122654219562852,0.61026113563805,5.76861684694556
"Census Tract 7, Whitman County, Washington",53075000700,-0.0534209907814147,0.974298771394799,1.70942179945995,-0.846803977798651,-0.15315192304272,1.42653199149143
"Census Tract 8, Whitman County, Washington",53075000800,-0.191933134664322,0.225777662861917,1.2079544644482,-1.80398559213733,-0.385992905940355,-0.574994735527295
"Census Tract 9, Whitman County, Washington",53075000900,0.099671378773378,4.56222065639021,4.2167584745187,-0.321514154608039,0.0300672110406647,7.27918015315377
"Census Tract 10, Whitman County, Washington",53075001000,-0.988377961991041,-0.105422503320119,5.2196931445422,-1.76011975400266,-1.07497319139975,-1.31104275793118
"Census Tract 9501, Adams County, Washington",53001950100,-0.665790469000585,-0.934956177071987,1.70942179945995,-1.6218688536066,-0.740979978226913,-3.01920721054902
"Census Tract 9502, Adams County, Washington",53001950200,-1.53149136826876,-0.953500941198665,1.70942179945995,-1.62991317272178,-1.54828928778183,-6.36921302631253
"Census Tract 9503.01, Adams County, Washington",53001950301,-1.95067285633545,-0.794596029823178,-0.296447540587057,-1.32168967013453,-1.85365451125414,-8.89628391545499
"Census Tract 9503.02, Adams County, Washington",53001950302,-1.49868586050702,-0.651406110616423,-0.296447540587057,-1.33439208866274,-1.49485037367417,-7.11166763383974
"Census Tract 9503.03, Adams County, Washington",53001950303,-1.42213967572962,-0.757763042709155,-0.296447540587057,-1.48631079680681,-1.41469200251269,-6.95225725683174
"Census Tract 9504, Adams County, Washington",53001950400,-1.23077421378613,-0.0511627241498196,0.205019794424694,0.800290951044867,-1.17039982373485,-4.44740495013979
"Census Tract 9505, Adams County, Washington",53001950500,0.238183522656286,0.0206919253602903,0.205019794424694,-0.100428698502358,0.133127973962569,0.912240179860314
