"tract","county","estimate_estimate_total","estimate_estimate_total_16_to_19_years","estimate_estimate_total_20_to_24_years","estimate_estimate_total_25_to_44_years","estimate_estimate_total_45_to_54_years","estimate_estimate_total_55_to_59_years","estimate_estimate_total_60_to_64_years","estimate_estimate_total_65_years_and_over","estimate_estimate_total_car,_truck,_or_van_-_drove_alone","estimate_estimate_total_car,_truck,_or_van_-_drove_alone_16_to_19_years","estimate_estimate_total_car,_truck,_or_van_-_drove_alone_20_to_24_years","estimate_estimate_total_car,_truck,_or_van_-_drove_alone_25_to_44_years","estimate_estimate_total_car,_truck,_or_van_-_drove_alone_45_to_54_years","estimate_estimate_total_car,_truck,_or_van_-_drove_alone_55_to_59_years","estimate_estimate_total_car,_truck,_or_van_-_drove_alone_60_to_64_years","estimate_estimate_total_car,_truck,_or_van_-_drove_alone_65_years_and_over","estimate_estimate_total_car,_truck,_or_van_-_carpooled","estimate_estimate_total_car,_truck,_or_van_-_carpooled_16_to_19_years","estimate_estimate_total_car,_truck,_or_van_-_carpooled_20_to_24_years","estimate_estimate_total_car,_truck,_or_van_-_carpooled_25_to_44_years","estimate_estimate_total_car,_truck,_or_van_-_carpooled_45_to_54_years","estimate_estimate_total_car,_truck,_or_van_-_carpooled_55_to_59_years","estimate_estimate_total_car,_truck,_or_van_-_carpooled_60_to_64_years","estimate_estimate_total_car,_truck,_or_van_-_carpooled_65_years_and_over","estimate_estimate_total_public_transportation_(excluding_taxicab)","estimate_estimate_total_public_transportation_(excluding_taxicab)_16_to_19_years","estimate_estimate_total_public_transportation_(excluding_taxicab)_20_to_24_years","estimate_estimate_total_public_transportation_(excluding_taxicab)_25_to_44_years","estimate_estimate_total_public_transportation_(excluding_taxicab)_45_to_54_years","estimate_estimate_total_public_transportation_(excluding_taxicab)_55_to_59_years","estimate_estimate_total_public_transportation_(excluding_taxicab)_60_to_64_years","estimate_estimate_total_public_transportation_(excluding_taxicab)_65_years_and_over","estimate_estimate_total_walked","estimate_estimate_total_walked_16_to_19_years","estimate_estimate_total_walked_20_to_24_years","estimate_estimate_total_walked_25_to_44_years","estimate_estimate_total_walked_45_to_54_years","estimate_estimate_total_walked_55_to_59_years","estimate_estimate_total_walked_60_to_64_years","estimate_estimate_total_walked_65_years_and_over","estimate_estimate_total_taxicab,_motorcycle,_bicycle,_or_other_means","estimate_estimate_total_taxicab,_motorcycle,_bicycle,_or_other_means_16_to_19_years","estimate_estimate_total_taxicab,_motorcycle,_bicycle,_or_other_means_20_to_24_years","estimate_estimate_total_taxicab,_motorcycle,_bicycle,_or_other_means_25_to_44_years","estimate_estimate_total_taxicab,_motorcycle,_bicycle,_or_other_means_45_to_54_years","estimate_estimate_total_taxicab,_motorcycle,_bicycle,_or_other_means_55_to_59_years","estimate_estimate_total_taxicab,_motorcycle,_bicycle,_or_other_means_60_to_64_years","estimate_estimate_total_taxicab,_motorcycle,_bicycle,_or_other_means_65_years_and_over","estimate_estimate_total_worked_from_home","estimate_estimate_total_worked_from_home_16_to_19_years","estimate_estimate_total_worked_from_home_20_to_24_years","estimate_estimate_total_worked_from_home_25_to_44_years","estimate_estimate_total_worked_from_home_45_to_54_years","estimate_estimate_total_worked_from_home_55_to_59_years","estimate_estimate_total_worked_from_home_60_to_64_years","estimate_estimate_total_worked_from_home_65_years_and_over","moe_estimate_total","moe_estimate_total_16_to_19_years","moe_estimate_total_20_to_24_years","moe_estimate_total_25_to_44_years","moe_estimate_total_45_to_54_years","moe_estimate_total_55_to_59_years","moe_estimate_total_60_to_64_years","moe_estimate_total_65_years_and_over","moe_estimate_total_car,_truck,_or_van_-_drove_alone","moe_estimate_total_car,_truck,_or_van_-_drove_alone_16_to_19_years","moe_estimate_total_car,_truck,_or_van_-_drove_alone_20_to_24_years","moe_estimate_total_car,_truck,_or_van_-_drove_alone_25_to_44_years","moe_estimate_total_car,_truck,_or_van_-_drove_alone_45_to_54_years","moe_estimate_total_car,_truck,_or_van_-_drove_alone_55_to_59_years","moe_estimate_total_car,_truck,_or_van_-_drove_alone_60_to_64_years","moe_estimate_total_car,_truck,_or_van_-_drove_alone_65_years_and_over","moe_estimate_total_car,_truck,_or_van_-_carpooled","moe_estimate_total_car,_truck,_or_van_-_carpooled_16_to_19_years","moe_estimate_total_car,_truck,_or_van_-_carpooled_20_to_24_years","moe_estimate_total_car,_truck,_or_van_-_carpooled_25_to_44_years","moe_estimate_total_car,_truck,_or_van_-_carpooled_45_to_54_years","moe_estimate_total_car,_truck,_or_van_-_carpooled_55_to_59_years","moe_estimate_total_car,_truck,_or_van_-_carpooled_60_to_64_years","moe_estimate_total_car,_truck,_or_van_-_carpooled_65_years_and_over","moe_estimate_total_public_transportation_(excluding_taxicab)","moe_estimate_total_public_transportation_(excluding_taxicab)_16_to_19_years","moe_estimate_total_public_transportation_(excluding_taxicab)_20_to_24_years","moe_estimate_total_public_transportation_(excluding_taxicab)_25_to_44_years","moe_estimate_total_public_transportation_(excluding_taxicab)_45_to_54_years","moe_estimate_total_public_transportation_(excluding_taxicab)_55_to_59_years","moe_estimate_total_public_transportation_(excluding_taxicab)_60_to_64_years","moe_estimate_total_public_transportation_(excluding_taxicab)_65_years_and_over","moe_estimate_total_walked","moe_estimate_total_walked_16_to_19_years","moe_estimate_total_walked_20_to_24_years","moe_estimate_total_walked_25_to_44_years","moe_estimate_total_walked_45_to_54_years","moe_estimate_total_walked_55_to_59_years","moe_estimate_total_walked_60_to_64_years","moe_estimate_total_walked_65_years_and_over","moe_estimate_total_taxicab,_motorcycle,_bicycle,_or_other_means","moe_estimate_total_taxicab,_motorcycle,_bicycle,_or_other_means_16_to_19_years","moe_estimate_total_taxicab,_motorcycle,_bicycle,_or_other_means_20_to_24_years","moe_estimate_total_taxicab,_motorcycle,_bicycle,_or_other_means_25_to_44_years","moe_estimate_total_taxicab,_motorcycle,_bicycle,_or_other_means_45_to_54_years","moe_estimate_total_taxicab,_motorcycle,_bicycle,_or_other_means_55_to_59_years","moe_estimate_total_taxicab,_motorcycle,_bicycle,_or_other_means_60_to_64_years","moe_estimate_total_taxicab,_motorcycle,_bicycle,_or_other_means_65_years_and_over","moe_estimate_total_worked_from_home","moe_estimate_total_worked_from_home_16_to_19_years","moe_estimate_total_worked_from_home_20_to_24_years","moe_estimate_total_worked_from_home_25_to_44_years","moe_estimate_total_worked_from_home_45_to_54_years","moe_estimate_total_worked_from_home_55_to_59_years","moe_estimate_total_worked_from_home_60_to_64_years","moe_estimate_total_worked_from_home_65_years_and_over"
9501,"adams",1048,47,99,422,175,85,154,66,699,17,48,286,130,75,99,44,143,0,28,55,38,10,10,2,0,0,0,0,0,0,0,0,99,15,23,21,7,0,20,13,25,2,0,15,0,0,8,0,82,13,0,45,0,0,17,7,110,29,54,87,45,32,56,26,105,20,29,73,39,29,39,22,65,13,32,31,31,9,9,4,13,13,13,13,13,13,13,13,44,17,30,16,9,13,20,10,19,3,13,17,13,13,12,13,51,21,13,33,13,13,22,8
47.01,"spokane",1438,55,128,812,304,58,40,41,981,55,52,509,253,46,25,41,165,0,63,102,0,0,0,0,70,0,0,70,0,0,0,0,0,0,0,0,0,0,0,0,12,0,0,0,0,12,0,0,210,0,13,131,51,0,15,0,298,69,111,201,175,73,49,30,242,69,45,125,170,68,37,30,151,13,96,117,13,13,13,13,64,13,13,64,13,13,13,13,13,13,13,13,13,13,13,13,20,13,13,13,13,20,13,13,122,13,23,102,60,13,26,13
6,"spokane",1694,0,198,881,309,137,125,44,1317,0,168,703,221,81,112,32,117,0,20,67,23,0,7,0,102,0,10,82,10,0,0,0,7,0,0,0,0,0,0,7,51,0,0,0,9,42,0,0,100,0,0,29,46,14,6,5,279,13,111,177,80,107,97,33,255,13,108,170,80,56,93,26,79,13,22,67,25,13,11,13,78,13,17,67,15,13,13,13,11,13,13,13,13,13,13,11,62,13,13,13,14,56,13,13,59,13,13,28,46,19,11,8
9514.01,"stevens",1200,26,236,209,316,184,136,93,1018,13,236,163,243,147,136,80,91,13,0,46,32,0,0,0,50,0,0,0,0,37,0,13,0,0,0,0,0,0,0,0,39,0,0,0,39,0,0,0,2,0,0,0,2,0,0,0,340,37,188,90,157,112,114,100,285,18,188,81,126,73,114,95,106,20,13,55,51,13,13,13,61,13,13,13,13,55,13,22,13,13,13,13,13,13,13,13,55,13,13,13,55,13,13,13,4,13,13,13,4,13,13,13
129.02,"spokane",3763,91,470,1803,729,319,133,218,3245,53,432,1551,622,287,109,191,251,13,25,141,64,8,0,0,51,25,13,13,0,0,0,0,27,0,0,27,0,0,0,0,13,0,0,13,0,0,0,0,176,0,0,58,43,24,24,27,733,77,292,547,219,111,71,99,722,67,277,542,213,109,70,95,126,21,34,80,53,12,18,18,45,31,23,21,18,18,18,18,63,18,18,63,18,18,18,18,21,18,18,21,18,18,18,18,93,18,18,53,48,31,26,31
105.07,"spokane",1873,149,107,351,615,411,134,106,1476,71,81,251,513,336,118,106,177,70,13,8,52,34,0,0,17,8,0,9,0,0,0,0,0,0,0,0,0,0,0,0,49,0,13,0,36,0,0,0,154,0,0,83,14,41,16,0,352,101,79,114,232,180,91,77,323,60,72,94,226,167,86,77,95,70,19,13,37,35,13,13,20,13,13,15,13,13,13,13,13,13,13,13,13,13,13,13,62,13,22,13,57,13,13,13,73,13,13,56,23,39,27,13
26,"spokane",2482,60,514,1169,306,144,261,28,1440,33,246,608,199,122,217,15,684,12,234,397,41,0,0,0,221,15,34,87,45,10,30,0,43,0,0,43,0,0,0,0,51,0,0,25,13,0,0,13,43,0,0,9,8,12,14,0,445,53,291,273,156,108,174,31,337,43,224,207,128,108,170,24,271,22,203,151,49,13,13,13,125,25,51,92,60,17,35,13,70,13,13,70,13,13,13,13,49,13,13,40,21,13,13,21,48,13,13,17,15,20,23,13
9603,"lincoln",1143,7,75,388,307,131,106,129,755,1,23,268,189,92,80,102,159,3,35,40,58,10,3,10,11,0,0,5,6,0,0,0,63,0,5,28,20,7,3,0,26,0,0,14,5,7,0,0,129,3,12,33,29,15,20,17,131,11,43,76,64,39,41,51,111,4,18,71,50,32,32,49,72,6,37,20,40,14,5,10,10,13,13,6,8,13,13,13,29,13,7,22,12,8,5,13,22,13,13,19,8,9,13,13,55,6,19,22,27,10,20,12
140.02,"spokane",3472,321,1026,1389,420,189,44,83,2627,166,907,1082,267,88,44,73,102,8,24,0,22,48,0,0,197,44,37,94,0,22,0,0,175,85,46,44,0,0,0,0,49,18,0,0,0,31,0,0,322,0,12,169,131,0,0,10,446,147,343,364,157,140,42,55,395,95,317,266,113,97,42,50,101,13,40,18,36,82,18,18,113,41,34,82,18,27,18,18,126,96,54,54,18,18,18,18,67,29,18,18,18,41,18,18,250,18,21,211,127,18,18,17
115,"spokane",917,92,10,360,218,154,39,44,647,81,4,241,109,136,39,37,57,0,4,46,0,0,0,7,14,0,0,6,8,0,0,0,8,0,2,6,0,0,0,0,25,0,0,4,15,6,0,0,166,11,0,57,86,12,0,0,359,99,15,51,134,132,21,25,236,98,7,48,45,130,21,23,31,13,7,30,13,13,13,10,13,13,13,9,11,13,13,13,11,13,5,9,13,13,13,13,23,13,13,7,25,9,13,13,128,18,13,30,124,14,13,13
9502,"adams",761,22,89,292,175,64,57,62,574,9,81,229,124,49,35,47,99,11,8,45,26,3,2,4,0,0,0,0,0,0,0,0,33,2,0,8,12,0,9,2,8,0,0,2,4,0,2,0,47,0,0,8,9,12,9,9,181,21,50,135,62,31,24,24,168,13,48,130,54,24,20,21,58,14,13,38,24,5,3,6,13,13,13,13,13,13,13,13,18,5,13,8,11,13,8,3,7,13,13,4,5,13,3,13,28,13,13,9,11,15,13,9
47.02,"spokane",1590,10,155,584,283,238,194,126,1266,10,134,467,204,155,184,112,66,0,0,15,14,37,0,0,92,0,1,63,28,0,0,0,13,0,0,0,13,0,0,0,0,0,0,0,0,0,0,0,153,0,20,39,24,46,10,14,173,17,98,138,120,109,139,68,182,17,80,132,111,74,139,63,53,13,13,24,23,41,13,13,85,13,4,74,42,13,13,13,22,13,13,13,22,13,13,13,13,13,13,13,13,13,13,13,105,13,30,43,27,74,16,23
7,"spokane",2669,52,341,1321,516,177,262,0,2011,0,282,943,490,164,132,0,264,13,18,172,9,0,52,0,0,0,0,0,0,0,0,0,294,39,41,145,0,0,69,0,21,0,0,21,0,0,0,0,79,0,0,40,17,13,9,0,424,61,123,297,167,111,190,18,264,18,128,199,166,107,82,18,118,21,28,96,17,18,73,18,18,18,18,18,18,18,18,18,307,57,64,219,18,18,114,18,31,18,18,31,18,18,18,18,76,18,18,53,27,21,15,18
9514.02,"stevens",2147,141,237,483,759,338,134,55,1922,127,195,422,677,338,108,55,61,14,16,16,15,0,0,0,0,0,0,0,0,0,0,0,26,0,26,0,0,0,0,0,28,0,0,15,0,0,13,0,110,0,0,30,67,0,13,0,327,77,92,143,209,131,90,45,283,65,89,134,186,131,79,45,58,20,27,26,24,13,13,13,13,13,13,13,13,13,13,13,37,13,37,13,13,13,13,13,32,13,13,24,13,13,21,13,80,13,13,34,67,13,22,13
130.01,"spokane",593,0,0,178,212,56,120,27,460,0,0,83,185,56,109,27,11,0,0,0,0,0,11,0,0,0,0,0,0,0,0,0,0,0,0,0,0,0,0,0,0,0,0,0,0,0,0,0,122,0,0,95,27,0,0,0,169,13,13,159,97,59,96,30,59,13,13,42,91,59,93,30,19,13,13,13,13,13,19,13,13,13,13,13,13,13,13,13,13,13,13,13,13,13,13,13,13,13,13,13,13,13,13,13,153,13,13,150,25,13,13,13
105.08,"spokane",1781,147,66,803,377,170,137,81,1169,127,66,457,254,76,137,52,88,20,0,68,0,0,0,0,29,0,0,0,0,29,0,0,0,0,0,0,0,0,0,0,65,0,0,10,0,55,0,0,430,0,0,268,123,10,0,29,422,118,65,340,111,118,114,68,324,111,65,221,93,59,114,40,52,32,13,52,13,13,13,13,47,13,13,13,13,47,13,13,13,13,13,13,13,13,13,13,87,13,13,16,13,86,13,13,307,13,13,312,68,16,13,33
29,"spokane",1545,50,182,745,179,241,75,73,1265,6,174,632,96,228,72,57,119,23,8,54,11,13,0,10,36,10,0,11,9,0,0,6,25,11,0,0,14,0,0,0,0,0,0,0,0,0,0,0,100,0,0,48,49,0,3,0,247,31,79,163,58,202,49,44,228,10,80,141,50,201,49,41,67,25,11,36,15,21,13,15,37,16,13,17,14,13,13,10,35,16,13,13,20,13,13,13,13,13,13,13,13,13,13,13,48,13,13,39,46,13,7,13
9604,"lincoln",1256,6,112,386,239,240,166,107,806,4,60,249,158,155,108,72,89,2,20,20,15,31,0,1,0,0,0,0,0,0,0,0,113,0,22,26,37,16,12,0,37,0,0,28,3,0,4,2,211,0,10,63,26,38,42,32,137,5,57,76,63,61,45,65,100,4,46,58,53,46,37,48,39,3,18,14,15,21,13,4,13,13,13,13,13,13,13,13,45,13,21,20,25,16,11,13,30,13,13,29,6,13,5,3,55,13,11,30,18,22,20,26
141,"spokane",2698,49,184,1238,602,312,220,93,2060,39,169,942,419,247,151,93,175,10,0,104,47,14,0,0,0,0,0,0,0,0,0,0,0,0,0,0,0,0,0,0,48,0,0,28,0,20,0,0,415,0,15,164,136,31,69,0,503,51,145,298,215,96,107,83,428,48,144,238,159,104,72,83,115,17,18,84,73,22,18,18,18,18,18,18,18,18,18,18,18,18,18,18,18,18,18,18,56,18,18,47,18,32,18,18,212,18,24,134,132,35,74,18
116,"spokane",895,40,101,353,177,105,77,42,771,33,90,310,162,84,57,35,43,5,0,24,11,0,0,3,14,0,3,0,0,8,3,0,10,2,8,0,0,0,0,0,4,0,0,4,0,0,0,0,53,0,0,15,4,13,17,4,118,32,56,82,40,33,25,17,114,32,55,70,39,29,21,16,24,8,13,19,8,13,13,5,9,13,4,13,13,8,5,13,11,3,11,13,13,13,13,13,5,13,13,5,13,13,13,13,30,13,13,19,8,14,17,5
9503.01,"adams",483,12,25,183,53,108,77,25,283,12,0,114,15,75,42,25,192,0,25,61,38,33,35,0,0,0,0,0,0,0,0,0,0,0,0,0,0,0,0,0,5,0,0,5,0,0,0,0,3,0,0,3,0,0,0,0,130,22,39,90,45,91,54,20,109,22,13,79,21,77,41,20,82,13,39,52,47,48,45,13,13,13,13,13,13,13,13,13,13,13,13,13,13,13,13,13,10,13,13,10,13,13,13,13,5,13,13,5,13,13,13,13
48,"spokane",1839,17,144,865,256,255,98,204,1414,7,63,683,191,221,98,151,63,6,0,38,19,0,0,0,129,4,71,9,0,34,0,11,31,0,10,11,10,0,0,0,12,0,0,0,12,0,0,0,190,0,0,124,24,0,0,42,222,17,124,155,69,96,52,91,170,11,54,148,67,87,52,80,38,9,13,26,23,13,13,13,128,6,112,17,13,55,13,17,25,13,15,16,15,13,13,13,17,13,13,13,17,13,13,13,83,13,13,67,28,13,13,36
8,"spokane",2260,54,160,987,475,264,180,140,1749,49,114,767,359,215,149,96,237,5,46,92,56,27,0,11,17,0,0,0,0,0,17,0,15,0,0,0,0,15,0,0,37,0,0,17,20,0,0,0,205,0,0,111,40,7,14,33,254,40,68,187,127,94,70,68,219,39,50,146,115,98,65,46,112,8,34,65,39,29,18,16,27,18,18,18,18,18,27,18,22,18,18,18,18,22,18,18,39,18,18,21,32,18,18,18,88,18,18,74,37,11,17,38
130.02,"spokane",1484,132,318,602,231,68,95,38,1133,37,204,478,213,68,95,38,204,81,76,47,0,0,0,0,36,14,12,10,0,0,0,0,93,0,26,67,0,0,0,0,0,0,0,0,0,0,0,0,18,0,0,0,18,0,0,0,373,127,189,201,119,64,99,39,287,43,131,191,114,64,99,39,177,119,121,57,13,13,13,13,37,23,19,20,13,13,13,13,120,13,38,83,13,13,13,13,13,13,13,13,13,13,13,13,28,13,13,13,28,13,13,13
106.01,"spokane",1541,70,50,636,466,188,101,30,1242,65,19,509,399,143,91,16,175,0,20,49,48,38,6,14,0,0,0,0,0,0,0,0,15,5,0,6,0,0,4,0,7,0,0,7,0,0,0,0,102,0,11,65,19,7,0,0,192,44,43,171,105,71,68,27,171,45,22,165,93,71,65,18,76,13,22,36,39,39,10,21,13,13,13,13,13,13,13,13,26,8,13,10,13,13,9,13,10,13,13,10,13,13,13,13,51,13,17,39,25,11,13,13
30,"spokane",1109,24,76,722,130,69,15,73,797,14,49,521,86,40,14,73,172,5,27,85,26,29,0,0,58,5,0,52,0,0,1,0,2,0,0,2,0,0,0,0,8,0,0,8,0,0,0,0,72,0,0,54,18,0,0,0,187,19,41,194,58,41,15,40,169,14,28,179,42,29,15,40,85,8,25,59,23,30,13,13,28,8,13,26,13,13,2,13,5,13,13,5,13,13,13,13,12,13,13,12,13,13,13,13,59,13,13,50,30,13,13,13
142,"spokane",1842,118,331,546,296,176,252,123,1110,78,267,235,223,149,130,28,240,8,8,150,2,0,72,0,15,15,0,0,0,0,0,0,166,17,21,128,0,0,0,0,13,0,0,0,0,0,13,0,298,0,35,33,71,27,37,95,394,80,240,140,127,78,103,146,247,55,194,79,68,67,78,24,94,13,13,67,7,13,55,13,24,24,13,13,13,13,13,13,136,26,35,130,13,13,13,13,20,13,13,13,13,13,20,13,202,13,54,30,110,27,56,142
117.01,"spokane",1215,53,70,506,207,133,214,32,940,53,57,380,173,133,128,16,41,0,7,27,0,0,0,7,145,0,6,44,0,0,86,9,0,0,0,0,0,0,0,0,45,0,0,45,0,0,0,0,44,0,0,10,34,0,0,0,365,43,40,143,97,66,244,24,264,43,39,151,91,66,125,18,37,13,12,26,13,13,13,12,137,13,10,53,13,13,125,14,13,13,13,13,13,13,13,13,43,13,13,43,13,13,13,13,42,13,13,15,39,13,13,13
9503.02,"adams",1048,45,91,484,211,97,17,103,873,45,91,442,163,64,17,51,149,0,0,16,48,33,0,52,0,0,0,0,0,0,0,0,0,0,0,0,0,0,0,0,0,0,0,0,0,0,0,0,26,0,0,26,0,0,0,0,263,57,106,137,136,80,23,97,236,57,106,129,131,56,23,63,119,13,13,14,51,54,13,78,13,13,13,13,13,13,13,13,13,13,13,13,13,13,13,13,13,13,13,13,13,13,13,13,41,13,13,41,13,13,13,13
49,"spokane",2687,154,213,900,612,356,264,188,1944,104,213,636,374,250,208,159,318,50,0,53,170,0,45,0,41,0,0,41,0,0,0,0,52,0,0,44,8,0,0,0,33,0,0,0,10,0,11,12,299,0,0,126,50,106,0,17,496,147,175,297,173,264,116,83,417,127,175,265,138,196,99,74,204,67,18,66,172,18,66,18,52,18,18,52,18,18,18,18,71,18,18,68,19,18,18,18,31,18,18,18,17,18,17,20,143,18,18,92,47,104,18,27
9,"spokane",2865,51,149,1351,702,301,217,94,1925,26,81,973,439,216,111,79,493,25,68,236,104,45,0,15,0,0,0,0,0,0,0,0,42,0,0,42,0,0,0,0,106,0,0,19,38,24,25,0,299,0,0,81,121,16,81,0,366,49,109,330,188,157,141,59,348,31,71,304,135,110,83,53,220,38,84,153,76,69,18,25,18,18,18,18,18,18,18,18,48,18,18,48,18,18,18,18,99,18,18,29,52,39,40,18,196,18,18,61,140,32,106,18
130.03,"spokane",2610,10,122,1285,779,263,128,23,2241,0,95,1168,606,241,108,23,21,0,0,0,21,0,0,0,37,10,27,0,0,0,0,0,0,0,0,0,0,0,0,0,0,0,0,0,0,0,0,0,311,0,0,117,152,22,20,0,510,18,85,311,402,121,91,26,500,18,66,322,383,121,87,26,34,18,18,18,34,18,18,18,48,18,44,18,18,18,18,18,18,18,18,18,18,18,18,18,18,18,18,18,18,18,18,18,176,18,18,84,143,31,31,18
106.03,"spokane",1839,66,112,685,459,185,236,96,1489,52,83,575,370,146,236,27,151,0,0,84,41,26,0,0,0,0,0,0,0,0,0,0,29,0,29,0,0,0,0,0,32,14,0,0,18,0,0,0,138,0,0,26,30,13,0,69,349,52,68,269,241,99,133,96,319,47,61,245,236,84,133,32,116,13,13,87,43,37,13,13,13,13,13,13,13,13,13,13,46,13,46,13,13,13,13,13,36,24,13,13,28,13,13,13,106,13,13,41,48,20,13,91
31,"spokane",2542,49,112,1656,225,248,200,52,1670,0,99,1085,154,179,125,28,547,49,13,348,49,50,38,0,154,0,0,71,22,0,37,24,23,0,0,19,0,4,0,0,48,0,0,48,0,0,0,0,100,0,0,85,0,15,0,0,395,56,81,340,124,116,111,54,326,18,84,267,96,96,86,40,290,56,21,263,60,57,47,18,91,18,18,53,28,18,34,38,33,18,18,31,18,13,18,18,60,18,18,60,18,18,18,18,77,18,18,73,18,21,18,18
143,"spokane",1310,33,112,414,297,198,177,79,1071,32,98,360,191,182,137,71,75,1,14,11,20,14,13,2,0,0,0,0,0,0,0,0,70,0,0,20,44,2,1,3,2,0,0,2,0,0,0,0,92,0,0,21,42,0,26,3,173,15,60,62,127,53,73,40,155,15,58,57,88,56,53,40,37,2,14,8,14,14,12,3,13,13,13,13,13,13,13,13,33,13,13,17,33,3,2,4,4,13,13,4,13,13,13,13,59,13,13,17,38,13,37,5
117.02,"spokane",3752,136,721,1768,532,91,278,226,2682,71,460,1296,409,91,278,77,686,23,144,370,46,0,0,103,169,11,103,18,37,0,0,0,97,31,14,22,30,0,0,0,0,0,0,0,0,0,0,0,118,0,0,62,10,0,0,46,571,76,190,380,153,71,190,185,467,62,184,308,146,71,190,70,299,30,91,206,56,18,18,167,119,18,103,31,40,18,18,18,88,50,24,36,46,18,18,18,18,18,18,18,18,18,18,18,99,18,18,77,17,18,18,65
9503.03,"adams",880,57,14,380,304,37,43,45,722,57,14,329,253,10,43,16,48,0,0,48,0,0,0,0,0,0,0,0,0,0,0,0,0,0,0,0,0,0,0,0,0,0,0,0,0,0,0,0,110,0,0,3,51,27,0,29,250,82,23,134,145,19,41,41,256,82,23,126,153,17,41,25,44,13,13,44,13,13,13,13,13,13,13,13,13,13,13,13,13,13,13,13,13,13,13,13,13,13,13,13,13,13,13,13,94,13,13,11,43,25,13,30
50,"spokane",1887,41,114,1016,287,163,199,67,1576,41,74,837,206,152,199,67,129,0,0,93,36,0,0,0,25,0,15,0,10,0,0,0,25,0,25,0,0,0,0,0,11,0,0,0,0,11,0,0,121,0,0,86,35,0,0,0,337,40,97,315,127,73,127,49,266,40,61,229,107,73,127,49,88,13,13,78,30,13,13,13,29,13,24,13,16,13,13,13,41,13,41,13,13,13,13,13,19,13,13,13,13,19,13,13,116,13,13,110,33,13,13,13
10,"spokane",2606,0,53,1249,632,178,320,174,2017,0,53,866,517,127,293,161,349,0,0,263,72,14,0,0,148,0,0,80,43,0,12,13,25,0,0,10,0,0,15,0,17,0,0,17,0,0,0,0,50,0,0,13,0,37,0,0,564,18,53,311,268,82,137,86,384,18,53,191,262,80,140,83,271,18,18,263,55,21,18,18,100,18,18,86,42,18,20,23,27,18,18,11,18,18,25,18,26,18,18,26,18,18,18,18,42,18,18,20,18,38,18,18
131.01,"spokane",3502,105,292,1888,565,235,331,86,2700,64,266,1371,479,206,284,30,320,41,0,221,29,29,0,0,26,0,0,0,26,0,0,0,12,0,0,12,0,0,0,0,96,0,0,64,0,0,0,32,348,0,26,220,31,0,47,24,699,92,201,508,251,162,236,81,614,66,196,414,246,166,228,48,209,62,18,175,45,45,18,18,41,18,18,18,41,18,18,18,22,18,18,22,18,18,18,18,91,18,18,78,18,18,18,51,194,18,42,153,49,18,57,43
106.04,"spokane",1644,64,50,482,396,296,256,100,1392,64,50,390,368,244,213,63,152,0,0,52,14,52,11,23,0,0,0,0,0,0,0,0,0,0,0,0,0,0,0,0,14,0,0,14,0,0,0,0,86,0,0,26,14,0,32,14,299,60,47,171,146,172,118,78,312,60,47,169,140,164,114,62,79,13,13,48,21,66,20,37,13,13,13,13,13,13,13,13,13,13,13,13,13,13,13,13,24,13,13,24,13,13,13,13,57,13,13,29,22,13,36,23
32,"spokane",1453,0,175,847,137,95,95,104,804,0,147,516,27,18,49,47,245,0,0,148,13,40,27,17,51,0,0,39,6,6,0,0,198,0,28,112,0,18,0,40,13,0,0,13,0,0,0,0,142,0,0,19,91,13,19,0,291,13,85,248,121,60,51,56,208,13,86,184,27,25,29,35,147,13,13,145,22,45,31,27,36,13,13,38,11,10,13,13,124,13,30,89,13,24,13,47,14,13,13,14,13,13,13,13,132,13,13,19,124,29,32,13
144,"spokane",2243,139,68,1111,430,257,125,113,1841,126,52,892,327,224,107,113,207,0,16,90,58,25,18,0,6,0,0,6,0,0,0,0,8,0,0,0,0,8,0,0,45,0,0,0,45,0,0,0,136,13,0,123,0,0,0,0,351,109,62,300,167,90,69,49,292,108,44,236,134,79,60,49,99,13,25,60,65,31,30,13,10,13,13,10,13,13,13,13,14,13,13,13,13,14,13,13,65,13,13,13,65,13,13,13,137,21,13,136,13,13,13,13
118,"spokane",2542,17,253,1295,481,221,165,110,2093,12,236,961,464,176,148,96,212,0,0,159,17,19,17,0,16,5,0,0,0,11,0,0,0,0,0,0,0,0,0,0,39,0,0,39,0,0,0,0,182,0,17,136,0,15,0,14,596,21,189,381,337,118,126,92,532,19,185,267,336,113,123,85,133,18,18,117,27,33,27,18,19,10,18,18,18,20,18,18,18,18,18,18,18,18,18,18,50,18,18,50,18,18,18,18,131,18,28,136,18,26,18,24
9504,"adams",1034,24,85,539,263,23,62,38,690,0,77,366,144,7,58,38,265,21,4,130,107,3,0,0,7,0,0,0,7,0,0,0,13,3,4,6,0,0,0,0,36,0,0,31,5,0,0,0,23,0,0,6,0,13,4,0,211,33,65,173,122,24,33,30,173,13,63,154,64,10,31,30,183,32,8,124,109,6,13,13,11,13,13,13,11,13,13,13,12,5,6,10,13,13,13,13,47,13,13,46,9,13,13,13,23,13,13,10,13,19,7,13
101.01,"spokane",1599,128,130,484,403,179,216,59,1277,39,117,352,346,148,216,59,91,20,13,16,27,15,0,0,17,0,0,17,0,0,0,0,0,0,0,0,0,0,0,0,15,0,0,0,15,0,0,0,199,69,0,99,15,16,0,0,358,131,129,231,143,90,104,55,249,32,128,153,139,86,104,55,66,31,22,26,31,23,13,13,26,13,13,26,13,13,13,13,13,13,13,13,13,13,13,13,23,13,13,13,23,13,13,13,153,108,13,108,23,25,13,13
11,"spokane",1621,21,35,838,368,155,100,104,1338,21,28,708,282,149,74,76,103,0,7,27,46,6,17,0,14,0,0,4,10,0,0,0,5,0,0,5,0,0,0,0,0,0,0,0,0,0,0,0,161,0,0,94,30,0,9,28,251,20,31,217,134,70,56,59,255,20,24,218,118,68,54,53,67,13,12,28,56,10,19,13,17,13,13,7,15,13,13,13,9,13,13,9,13,13,13,13,13,13,13,13,13,13,13,13,86,13,13,76,33,13,11,40
9601,"lincoln",701,42,42,273,170,67,53,54,543,31,36,206,148,62,31,29,32,0,0,0,22,0,0,10,0,0,0,0,0,0,0,0,92,11,6,64,0,4,3,4,3,0,0,3,0,0,0,0,31,0,0,0,0,1,19,11,121,25,33,79,87,33,29,28,112,24,34,65,79,31,24,26,19,13,13,13,17,13,13,10,13,13,13,13,13,13,13,13,53,17,8,52,13,5,5,5,4,13,13,4,13,13,13,13,19,13,13,13,13,3,20,14
131.02,"spokane",2316,61,0,1009,595,453,107,91,1821,49,0,850,408,453,36,25,156,12,0,57,87,0,0,0,45,0,0,0,14,0,31,0,28,0,0,28,0,0,0,0,31,0,0,0,31,0,0,0,235,0,0,74,55,0,40,66,467,98,18,317,339,147,91,101,345,92,18,263,238,147,41,40,155,21,18,74,138,18,18,18,57,18,18,18,25,18,52,18,46,18,18,46,18,18,18,18,59,18,18,18,59,18,18,18,162,18,18,104,64,18,66,94
107.01,"spokane",1870,87,0,821,596,170,110,86,1501,73,0,572,544,155,93,64,154,14,0,101,29,0,0,10,13,0,0,0,13,0,0,0,0,0,0,0,0,0,0,0,15,0,0,15,0,0,0,0,187,0,0,133,10,15,17,12,234,65,13,149,192,96,85,74,223,58,13,141,191,92,76,74,90,23,13,76,30,13,13,18,21,13,13,13,21,13,13,13,13,13,13,13,13,13,13,13,31,13,13,31,13,13,13,13,119,13,13,101,15,24,30,19
35,"spokane",867,8,138,461,126,46,25,63,391,8,81,242,18,23,7,12,16,0,0,16,0,0,0,0,206,0,32,31,89,9,0,45,221,0,25,146,19,7,18,6,14,0,0,14,0,0,0,0,19,0,0,12,0,7,0,0,172,13,100,111,74,36,23,51,145,13,93,90,20,28,12,20,24,13,13,24,13,13,13,13,91,13,21,30,68,14,13,48,82,13,40,73,23,12,19,12,17,13,13,17,13,13,13,13,24,13,13,20,13,12,13,13
145,"spokane",778,26,131,291,188,25,54,63,493,19,75,148,142,11,41,57,95,0,4,64,17,4,0,6,70,7,38,20,5,0,0,0,51,0,7,28,0,10,6,0,31,0,7,24,0,0,0,0,38,0,0,7,24,0,7,0,167,25,89,105,72,23,34,63,138,23,79,82,65,18,31,63,48,13,6,38,19,7,13,10,49,10,34,32,8,13,13,13,29,13,10,23,13,13,9,13,34,13,10,33,13,13,13,13,31,13,13,12,28,13,9,13
119,"spokane",2506,103,103,1615,358,142,94,91,1815,103,91,1112,271,98,94,46,195,0,12,108,38,37,0,0,19,0,0,11,8,0,0,0,0,0,0,0,0,0,0,0,23,0,0,16,0,0,0,7,454,0,0,368,41,7,0,38,556,69,60,518,124,53,45,67,303,69,62,262,105,43,45,42,105,18,18,82,35,30,18,18,22,18,18,18,12,18,18,18,18,18,18,18,18,18,18,18,26,18,18,24,18,18,18,13,467,18,18,463,33,12,18,49
9505,"adams",2180,88,390,992,392,158,86,74,1563,66,259,685,328,102,75,48,426,0,131,182,31,56,0,26,7,7,0,0,0,0,0,0,26,0,0,26,0,0,0,0,9,0,0,0,9,0,0,0,149,15,0,99,24,0,11,0,312,79,171,184,130,76,58,54,255,71,127,149,106,61,61,49,198,18,119,105,40,51,18,30,17,17,18,18,18,18,18,18,36,18,18,36,18,18,18,18,16,18,18,18,16,18,18,18,107,24,18,78,35,18,18,18
101.02,"spokane",1495,16,26,557,189,392,268,47,1107,16,0,392,128,317,254,0,233,0,25,98,26,57,14,13,0,0,0,0,0,0,0,0,0,0,0,0,0,0,0,0,20,0,1,1,0,18,0,0,135,0,0,66,35,0,0,34,483,27,34,269,88,247,129,63,359,27,13,214,77,193,128,13,219,13,34,116,35,91,22,22,13,13,13,13,13,13,13,13,13,13,13,13,13,13,13,13,32,13,2,5,13,31,13,13,97,13,13,42,60,13,13,58
12,"spokane",1164,10,183,538,209,92,85,47,821,6,94,408,155,83,46,29,165,4,66,44,35,8,3,5,0,0,0,0,0,0,0,0,7,0,0,0,6,1,0,0,9,0,0,0,0,0,0,9,162,0,23,86,13,0,36,4,198,12,82,145,72,45,52,29,141,8,52,109,64,42,38,24,75,8,55,30,29,11,6,7,13,13,13,13,13,13,13,13,9,13,13,13,8,3,13,13,9,13,13,13,13,13,13,9,76,13,21,67,15,13,36,6
9602,"lincoln",1268,61,47,499,196,169,207,89,916,45,47,364,149,137,134,40,66,0,0,25,0,17,10,14,0,0,0,0,0,0,0,0,17,0,0,4,11,0,2,0,31,0,0,26,0,0,5,0,238,16,0,80,36,15,56,35,183,38,29,119,64,45,61,54,132,37,29,85,53,46,50,23,33,13,13,20,13,18,12,16,13,13,13,13,13,13,13,13,16,13,13,5,15,13,3,13,38,13,13,37,13,13,8,13,138,27,13,72,37,20,50,47
132.01,"spokane",3443,74,247,1369,614,662,195,282,2894,74,223,1196,500,465,182,254,251,0,0,89,23,139,0,0,30,0,0,0,13,0,0,17,56,0,24,0,0,19,13,0,40,0,0,29,0,0,0,11,172,0,0,55,78,39,0,0,373,71,116,281,227,177,107,135,362,71,110,249,217,153,102,136,166,18,18,79,36,154,18,18,34,18,18,18,20,18,18,28,56,18,37,18,18,32,21,18,67,18,18,51,18,18,18,17,102,18,18,58,72,31,18,18
107.02,"spokane",1670,52,97,855,405,127,69,65,1308,52,82,616,329,105,69,55,185,0,15,107,63,0,0,0,31,0,0,31,0,0,0,0,0,0,0,0,0,0,0,0,0,0,0,0,0,0,0,0,146,0,0,101,13,22,0,10,330,57,81,279,125,78,76,48,309,57,79,245,134,72,76,45,123,13,23,85,71,13,13,13,51,13,13,51,13,13,13,13,13,13,13,13,13,13,13,13,13,13,13,13,13,13,13,13,88,13,13,75,20,25,13,16
36.01,"spokane",1043,44,70,539,113,224,32,21,765,44,44,379,77,181,32,8,51,0,8,24,19,0,0,0,135,0,8,127,0,0,0,0,69,0,10,9,8,29,0,13,14,0,0,0,0,14,0,0,9,0,0,0,9,0,0,0,372,68,47,252,51,242,22,24,321,68,43,176,44,240,22,13,69,13,13,44,30,13,13,13,168,13,13,168,13,13,13,13,45,13,15,17,11,28,13,19,20,13,13,13,13,20,13,13,14,13,13,13,14,13,13,13
9410,"stevens",687,6,62,251,170,81,41,76,539,0,53,206,130,69,39,42,55,0,9,15,12,10,2,7,5,0,0,5,0,0,0,0,44,6,0,12,5,0,0,21,26,0,0,13,13,0,0,0,18,0,0,0,10,2,0,6,110,9,28,56,38,44,21,42,101,13,26,52,31,43,21,26,28,13,10,14,10,9,4,10,7,13,13,7,13,13,13,13,33,9,13,10,6,13,13,30,14,13,13,12,14,13,13,13,10,13,13,13,9,3,13,6
120,"spokane",1884,40,117,918,535,113,49,112,1461,17,80,703,442,106,19,94,226,10,12,108,72,7,7,10,53,0,14,17,0,0,14,8,54,13,0,37,4,0,0,0,50,0,0,41,0,0,9,0,40,0,11,12,17,0,0,0,357,33,67,210,230,52,35,88,338,26,49,210,226,51,25,86,111,16,20,79,72,11,11,16,49,13,20,24,13,13,17,12,41,19,13,32,7,13,13,13,61,13,13,60,13,13,14,13,28,13,17,17,21,13,13,13
9601,"asotin",1532,34,38,624,313,149,237,137,1176,34,22,518,218,119,227,38,186,0,16,41,74,18,10,27,0,0,0,0,0,0,0,0,4,0,0,0,0,0,0,4,21,0,0,0,9,12,0,0,145,0,0,65,12,0,0,68,288,27,31,184,106,76,103,93,213,27,22,153,88,70,101,29,93,13,25,40,60,19,15,33,13,13,13,13,13,13,13,13,6,13,13,13,13,13,13,6,24,13,13,13,16,17,13,13,114,13,13,72,20,13,13,81
102.01,"spokane",2287,54,115,1084,551,264,120,99,1894,46,101,820,476,254,120,77,71,8,14,21,28,0,0,0,0,0,0,0,0,0,0,0,9,0,0,0,9,0,0,0,0,0,0,0,0,0,0,0,313,0,0,243,38,10,0,22,700,36,75,674,179,119,110,50,463,35,62,419,176,119,110,44,50,12,25,22,25,13,13,13,13,13,13,13,13,13,13,13,15,13,13,13,15,13,13,13,13,13,13,13,13,13,13,13,284,13,13,276,43,16,13,22
13,"spokane",1866,14,257,1005,306,109,139,36,1293,0,189,684,211,55,118,36,290,0,20,174,69,24,3,0,77,7,48,22,0,0,0,0,39,0,0,30,0,0,9,0,71,7,0,53,11,0,0,0,96,0,0,42,15,30,9,0,395,17,172,235,127,62,63,35,398,13,128,245,112,46,59,35,118,13,29,100,47,23,10,13,51,12,46,24,13,13,13,13,46,13,13,45,13,13,14,13,58,11,13,58,17,13,13,13,68,13,13,47,19,45,14,13
132.03,"spokane",1189,42,60,502,379,96,99,11,907,32,36,467,213,65,83,11,80,10,12,35,11,12,0,0,23,0,0,0,23,0,0,0,45,0,12,0,29,4,0,0,0,0,0,0,0,0,0,0,134,0,0,0,103,15,16,0,279,34,53,187,150,68,62,18,245,29,43,181,123,47,59,18,80,16,22,57,18,23,13,13,26,13,13,13,26,13,13,13,48,13,20,13,44,10,13,13,13,13,13,13,13,13,13,13,96,13,13,13,89,24,26,13
108,"spokane",1089,62,244,387,136,80,134,46,780,39,191,289,125,55,42,39,75,0,12,38,11,4,10,0,60,0,6,35,0,14,5,0,36,23,5,8,0,0,0,0,107,0,14,11,0,0,75,7,31,0,16,6,0,7,2,0,182,54,95,76,50,33,112,28,140,49,85,81,48,27,25,26,48,13,12,44,12,6,11,13,29,13,11,24,13,16,8,13,30,27,8,12,13,13,13,13,113,13,11,16,13,13,110,10,36,13,32,10,13,10,4,13
36.02,"spokane",1548,0,130,1021,180,43,60,114,863,0,85,627,85,18,34,14,44,0,18,0,26,0,0,0,355,0,15,251,41,0,0,48,158,0,12,80,15,25,26,0,0,0,0,0,0,0,0,0,128,0,0,63,13,0,0,52,398,13,114,342,97,51,65,109,300,13,105,255,67,28,40,22,50,13,28,13,42,13,13,13,191,13,24,172,49,13,13,69,87,13,19,65,34,42,40,13,13,13,13,13,13,13,13,13,132,13,13,101,31,13,13,84
9501.01,"stevens",1422,11,121,567,319,176,88,140,1192,6,112,463,267,162,63,119,93,5,0,52,13,8,14,1,3,0,0,3,0,0,0,0,82,0,9,34,32,1,6,0,9,0,0,6,0,0,3,0,43,0,0,9,7,5,2,20,209,9,63,159,102,67,32,50,197,7,66,139,97,66,29,51,45,6,13,38,11,10,14,2,5,13,13,5,13,13,13,13,42,13,14,32,24,3,10,13,8,13,13,8,13,13,4,13,22,13,13,8,7,5,4,16
121,"spokane",1184,18,110,643,108,184,93,28,911,10,104,419,90,174,86,28,71,0,0,50,11,10,0,0,0,0,0,0,0,0,0,0,53,8,6,39,0,0,0,0,7,0,0,0,7,0,0,0,142,0,0,135,0,0,7,0,166,19,61,146,61,68,51,32,129,13,63,98,52,69,51,32,47,13,13,40,17,17,13,13,13,13,13,13,13,13,13,13,41,14,11,40,13,13,13,13,12,13,13,13,12,13,13,13,127,13,13,126,13,13,12,13
9602,"asotin",2392,53,128,646,686,282,397,200,1803,53,128,502,445,261,277,137,121,0,0,89,0,0,0,32,47,0,0,47,0,0,0,0,0,0,0,0,0,0,0,0,0,0,0,0,0,0,0,0,421,0,0,8,241,21,120,31,390,39,78,173,218,164,199,88,285,39,78,173,132,149,145,72,110,13,13,101,13,13,13,33,61,13,13,61,13,13,13,13,13,13,13,13,13,13,13,13,13,13,13,13,13,13,13,13,223,13,13,15,169,38,118,39
102.03,"spokane",2301,72,141,671,781,321,208,107,1829,46,75,534,588,271,208,107,90,12,0,65,13,0,0,0,32,14,0,0,0,18,0,0,41,0,0,0,41,0,0,0,17,0,0,0,17,0,0,0,292,0,66,72,122,32,0,0,330,41,117,234,219,146,111,69,306,37,52,206,201,140,111,69,74,19,13,66,22,13,13,13,39,24,13,13,13,28,13,13,60,13,13,13,60,13,13,13,27,13,13,13,27,13,13,13,128,13,91,68,77,34,13,13
14,"spokane",2656,111,179,1587,488,178,99,14,2047,70,168,1234,374,135,52,14,247,0,11,175,0,14,47,0,122,10,0,81,31,0,0,0,56,0,0,56,0,0,0,0,97,31,0,18,48,0,0,0,87,0,0,23,35,29,0,0,346,80,105,304,181,94,68,22,385,67,103,295,188,86,49,22,187,18,18,173,18,22,50,18,92,17,18,84,38,18,18,18,50,18,18,50,18,18,18,18,82,42,18,31,60,18,18,18,75,18,18,25,55,44,18,18
132.04,"spokane",2003,35,23,938,589,145,112,161,1475,35,23,676,404,111,112,114,0,0,0,0,0,0,0,0,10,0,0,0,10,0,0,0,0,0,0,0,0,0,0,0,0,0,0,0,0,0,0,0,518,0,0,262,175,34,0,47,514,33,28,411,350,120,88,80,420,33,28,252,239,76,88,73,13,13,13,13,13,13,13,13,16,13,13,13,16,13,13,13,13,13,13,13,13,13,13,13,13,13,13,13,13,13,13,13,285,13,13,252,149,54,13,71
109.01,"spokane",935,93,89,255,242,157,69,30,707,75,89,177,177,101,69,19,28,0,0,28,0,0,0,0,0,0,0,0,0,0,0,0,18,18,0,0,0,0,0,0,0,0,0,0,0,0,0,0,182,0,0,50,65,56,0,11,288,61,104,51,202,101,41,27,237,58,104,53,180,73,41,21,34,13,13,34,13,13,13,13,13,13,13,13,13,13,13,13,23,23,13,13,13,13,13,13,13,13,13,13,13,13,13,13,167,13,13,46,81,80,13,17
38,"spokane",953,44,128,486,172,33,38,52,780,18,112,407,158,17,28,40,94,12,11,48,14,3,0,6,18,14,0,4,0,0,0,0,11,0,5,6,0,0,0,0,12,0,0,0,0,7,5,0,38,0,0,21,0,6,5,6,129,33,55,97,49,19,22,22,123,20,53,91,53,14,19,21,45,17,11,32,16,6,13,9,21,23,13,6,13,13,13,13,13,13,8,9,13,13,13,13,13,13,13,13,13,10,8,13,22,13,13,17,13,8,7,9
124.01,"spokane",2300,51,102,815,454,284,432,162,1957,43,76,628,419,265,401,125,104,8,21,35,0,19,10,11,17,0,0,8,9,0,0,0,9,0,0,0,9,0,0,0,6,0,0,6,0,0,0,0,207,0,5,138,17,0,21,26,448,30,52,165,107,72,402,81,434,25,41,138,116,70,401,69,72,14,25,34,18,21,16,16,23,18,18,18,15,18,18,18,15,18,18,18,15,18,18,18,12,18,18,12,18,18,18,18,72,18,11,70,18,18,16,25
9501.02,"stevens",1406,96,61,527,131,148,226,217,1233,96,59,456,99,127,226,170,96,0,2,38,5,7,0,44,0,0,0,0,0,0,0,0,19,0,0,19,0,0,0,0,14,0,0,0,0,14,0,0,44,0,0,14,27,0,0,3,411,104,79,268,68,79,172,113,412,104,79,270,55,77,172,84,79,13,7,44,7,11,13,68,13,13,13,13,13,13,13,13,26,13,13,26,13,13,13,13,16,13,13,13,13,16,13,13,36,13,13,24,26,13,13,7
122,"spokane",1147,19,140,462,258,124,89,55,981,14,116,440,201,87,73,50,84,5,24,6,18,15,16,0,0,0,0,0,0,0,0,0,29,0,0,7,0,22,0,0,0,0,0,0,0,0,0,0,53,0,0,9,39,0,0,5,182,16,63,123,66,57,43,31,166,14,56,122,56,51,39,30,39,7,23,10,17,18,17,13,13,13,13,13,13,13,13,13,26,13,13,10,13,25,13,13,13,13,13,13,13,13,13,13,32,13,13,10,30,13,13,7
9603,"asotin",1557,77,154,808,199,177,94,48,1291,62,124,637,173,153,94,48,113,15,0,90,0,8,0,0,0,0,0,0,0,0,0,0,117,0,12,81,8,16,0,0,30,0,18,0,12,0,0,0,6,0,0,0,6,0,0,0,221,68,74,178,82,72,46,40,197,65,72,160,71,71,46,40,103,25,13,98,13,12,13,13,13,13,13,13,13,13,13,13,63,13,14,48,13,17,13,13,30,13,20,13,20,13,13,13,9,13,13,13,9,13,13,13
102.04,"spokane",1399,109,73,253,495,215,118,136,1005,53,73,154,364,197,61,103,164,30,0,65,54,0,0,15,0,0,0,0,0,0,0,0,69,26,0,9,34,0,0,0,18,0,0,0,0,0,0,18,143,0,0,25,43,18,57,0,289,55,65,97,246,97,68,118,296,60,65,83,210,101,47,114,114,38,13,56,51,13,13,25,13,13,13,13,13,13,13,13,64,33,13,16,55,13,13,13,28,13,13,13,13,13,13,28,99,13,13,35,56,29,58,13
15,"spokane",2507,75,246,1381,417,171,93,124,1938,42,175,1097,378,160,15,71,334,33,36,164,39,11,35,16,64,0,14,27,0,0,0,23,11,0,0,11,0,0,0,0,32,0,21,11,0,0,0,0,128,0,0,71,0,0,43,14,268,70,181,242,178,93,64,79,263,50,162,239,182,86,24,61,135,51,38,99,49,21,54,27,55,18,24,35,18,18,18,35,29,18,18,29,18,18,18,18,43,18,35,29,18,18,18,18,79,18,18,70,18,18,44,22
132.05,"spokane",1681,99,83,787,464,131,46,71,947,0,55,405,303,81,46,57,419,49,0,315,38,17,0,0,26,0,0,26,0,0,0,0,0,0,0,0,0,0,0,0,50,50,0,0,0,0,0,0,239,0,28,41,123,33,0,14,412,130,83,345,182,87,41,57,272,13,72,176,147,71,41,53,293,65,13,273,46,29,13,13,48,13,13,48,13,13,13,13,13,13,13,13,13,13,13,13,66,66,13,13,13,13,13,13,153,13,42,61,110,39,13,21
109.02,"spokane",1309,348,273,253,176,126,77,56,703,92,93,240,102,102,41,33,97,0,23,0,19,24,22,9,18,9,0,0,9,0,0,0,351,211,121,4,15,0,0,0,0,0,0,0,0,0,0,0,140,36,36,9,31,0,14,14,196,94,88,66,86,58,48,39,136,43,72,68,51,58,31,29,69,13,25,13,32,33,30,16,22,18,13,13,14,13,13,13,110,79,66,9,20,13,13,13,13,13,13,13,13,13,13,13,70,28,22,15,50,13,19,15
39,"spokane",680,15,49,200,200,76,65,75,510,15,49,144,140,66,35,61,80,0,0,20,60,0,0,0,7,0,0,7,0,0,0,0,2,0,0,0,0,2,0,0,0,0,0,0,0,0,0,0,81,0,0,29,0,8,30,14,144,18,46,101,94,43,56,35,105,18,46,71,71,40,28,31,70,13,13,23,60,13,13,13,10,13,13,10,13,13,13,13,8,13,13,13,13,8,13,13,13,13,13,13,13,13,13,13,59,13,13,39,13,13,44,20
124.02,"spokane",3147,88,147,1061,647,470,449,285,2563,88,48,872,531,452,338,234,172,0,13,43,42,18,44,12,65,0,0,52,13,0,0,0,84,0,73,11,0,0,0,0,11,0,0,11,0,0,0,0,252,0,13,72,61,0,67,39,287,57,122,190,163,156,171,160,248,57,40,184,156,158,132,148,82,18,21,40,33,31,40,20,82,18,18,80,22,18,18,18,113,18,112,19,18,18,18,18,20,18,18,20,18,18,18,18,122,18,20,51,40,18,70,45
9502,"stevens",1770,77,31,806,299,179,267,111,1546,69,30,744,250,146,249,58,128,8,0,51,25,9,18,17,0,0,0,0,0,0,0,0,11,0,1,0,10,0,0,0,0,0,0,0,0,0,0,0,85,0,0,11,14,24,0,36,258,46,35,204,94,62,96,76,236,42,34,208,74,57,90,39,69,14,13,47,38,14,21,26,13,13,13,13,13,13,13,13,18,13,5,13,17,13,13,13,13,13,13,13,13,13,13,13,47,13,13,18,21,25,13,40
123,"spokane",2922,53,442,1549,356,143,254,125,2271,41,332,1174,299,109,218,98,319,12,40,207,43,17,0,0,53,0,0,0,0,17,36,0,83,0,33,48,2,0,0,0,118,0,37,81,0,0,0,0,78,0,0,39,12,0,0,27,712,54,264,432,170,90,140,67,710,50,246,431,145,83,116,59,156,19,45,119,50,27,18,18,56,18,18,18,18,28,50,18,89,18,51,74,4,18,18,18,111,18,56,91,18,18,18,18,64,18,18,38,19,18,18,29
9604,"asotin",839,13,81,396,110,96,80,63,645,13,72,304,105,51,54,46,126,0,9,58,5,31,11,12,10,0,0,10,0,0,0,0,0,0,0,0,0,0,0,0,29,0,0,15,0,14,0,0,29,0,0,9,0,0,15,5,214,23,76,137,59,51,44,26,183,23,76,112,58,30,30,24,81,13,10,50,8,33,13,22,15,13,13,15,13,13,13,13,13,13,13,13,13,13,13,13,26,13,13,16,13,20,13,13,30,13,13,15,13,13,24,8
103.01,"spokane",1818,143,181,748,306,214,128,98,1440,119,157,589,200,166,128,81,143,0,15,115,13,0,0,0,0,0,0,0,0,0,0,0,52,24,0,28,0,0,0,0,60,0,0,0,48,12,0,0,123,0,9,16,45,36,0,17,247,81,106,144,122,84,79,50,236,75,96,126,108,77,79,47,76,13,23,66,21,13,13,13,13,13,13,13,13,13,13,13,56,39,13,41,13,13,13,13,58,13,13,13,48,19,13,13,79,13,16,23,50,36,13,19
16,"spokane",1314,15,189,711,187,83,105,24,1022,0,175,502,182,51,95,17,185,15,0,147,0,16,0,7,28,0,14,7,0,7,0,0,12,0,0,12,0,0,0,0,18,0,0,18,0,0,0,0,49,0,0,25,5,9,10,0,282,25,181,170,87,45,61,22,240,13,182,119,89,35,59,19,126,25,13,126,13,18,13,11,31,13,22,11,13,12,13,13,19,13,13,19,13,13,13,13,28,13,13,28,13,13,13,13,44,13,13,37,8,15,15,13
133,"spokane",1851,140,136,535,407,310,226,97,1431,133,125,436,239,214,197,87,130,0,11,64,46,9,0,0,0,0,0,0,0,0,0,0,47,0,0,6,11,10,10,10,18,0,0,18,0,0,0,0,225,7,0,11,111,77,19,0,376,93,80,196,162,138,95,57,273,93,75,195,70,86,92,55,63,13,16,33,52,15,13,13,13,13,13,13,13,13,13,13,32,13,13,10,18,16,16,12,25,13,13,25,13,13,13,13,219,11,13,17,115,104,22,13
110,"spokane",1618,79,88,765,405,94,77,110,1397,63,67,621,389,86,71,100,47,0,0,47,0,0,0,0,56,16,0,18,16,0,6,0,31,0,21,10,0,0,0,0,41,0,0,41,0,0,0,0,46,0,0,28,0,8,0,10,226,67,48,165,121,49,48,51,214,62,40,141,122,47,47,50,46,13,13,46,13,13,13,13,35,20,13,23,17,13,10,13,33,13,30,16,13,13,13,13,48,13,13,48,13,13,13,13,38,13,13,33,13,11,13,16
40.01,"spokane",1570,68,349,606,229,209,69,40,1064,22,269,434,100,199,26,14,191,46,14,80,51,0,0,0,44,0,12,0,32,0,0,0,30,0,0,17,0,0,0,13,41,0,0,27,0,0,14,0,200,0,54,48,46,10,29,13,523,55,235,238,122,222,60,37,505,25,217,246,89,221,30,22,116,50,23,70,43,13,13,13,48,13,18,13,33,13,13,13,35,13,13,27,13,13,13,23,40,13,13,30,13,13,22,13,105,13,67,45,55,17,46,21
125,"spokane",1665,27,122,1097,151,101,100,67,1389,0,30,1010,113,88,81,67,214,27,92,71,11,13,0,0,10,0,0,0,0,0,10,0,21,0,0,12,9,0,0,0,0,0,0,0,0,0,0,0,31,0,0,4,18,0,9,0,356,32,75,287,65,50,61,37,302,13,26,267,62,47,59,37,96,32,68,71,18,19,13,13,16,13,13,13,13,13,16,13,31,13,13,28,16,13,13,13,13,13,13,13,13,13,13,13,22,13,13,7,22,13,14,13
9503,"stevens",988,34,89,397,223,103,50,92,726,19,62,298,160,85,50,52,63,8,0,39,8,8,0,0,2,0,0,2,0,0,0,0,85,7,15,12,10,1,0,40,0,0,0,0,0,0,0,0,112,0,12,46,45,9,0,0,176,31,62,108,98,67,35,51,146,19,48,97,75,53,35,30,35,13,13,31,15,14,13,13,5,13,13,5,13,13,13,13,58,10,22,18,17,3,13,38,13,13,13,13,13,13,13,13,70,13,19,44,48,13,13,13
9605,"asotin",1534,82,333,652,203,154,83,27,1159,59,199,547,179,81,79,15,260,23,134,66,14,23,0,0,0,0,0,0,0,0,0,0,62,0,0,12,0,50,0,0,27,0,0,27,0,0,0,0,26,0,0,0,10,0,4,12,188,53,111,168,94,66,50,26,227,43,90,162,86,61,48,17,137,31,89,62,24,36,13,13,13,13,13,13,13,13,13,13,58,13,13,19,13,54,13,13,39,13,13,39,13,13,13,13,26,13,13,13,15,13,8,19
103.03,"spokane",1551,50,66,503,281,227,254,170,1288,50,66,376,253,172,208,163,64,0,0,36,4,13,11,0,0,0,0,0,0,0,0,0,0,0,0,0,0,0,0,0,20,0,0,0,4,16,0,0,179,0,0,91,20,26,35,7,250,33,54,184,99,100,79,124,224,33,54,125,91,91,73,124,48,13,13,33,7,20,16,13,13,13,13,13,13,13,13,13,13,13,13,13,13,13,13,13,26,13,13,13,8,24,13,13,114,13,13,98,32,37,42,11
18,"spokane",1250,68,97,597,244,154,65,25,901,68,71,439,150,88,65,20,129,0,0,129,0,0,0,0,47,0,0,19,28,0,0,0,45,0,0,10,0,35,0,0,5,0,0,0,0,0,0,5,123,0,26,0,66,31,0,0,285,75,73,167,130,81,54,20,222,75,60,155,90,58,54,18,76,13,13,76,13,13,13,13,53,13,13,27,45,13,13,13,50,13,13,16,13,47,13,13,10,13,13,13,13,13,13,10,108,13,40,13,90,47,13,13
134.01,"spokane",2658,68,126,1118,576,215,323,232,2034,52,98,869,481,201,177,156,183,0,28,95,43,0,7,10,16,16,0,0,0,0,0,0,8,0,0,0,0,8,0,0,21,0,0,21,0,0,0,0,396,0,0,133,52,6,139,66,363,54,78,214,159,79,155,70,301,46,60,193,132,76,56,64,91,18,32,67,43,18,13,16,18,18,18,18,18,18,18,18,13,18,18,18,18,13,18,18,23,18,18,23,18,18,18,18,164,18,18,71,47,11,144,40
111.02,"spokane",2232,84,405,1141,323,124,83,72,1561,76,241,801,206,105,60,72,273,8,135,92,23,0,15,0,36,0,4,24,0,8,0,0,262,0,25,171,55,11,0,0,30,0,0,30,0,0,0,0,70,0,0,23,39,0,8,0,415,46,139,350,139,53,42,47,368,43,82,323,87,48,32,47,146,12,109,67,28,13,22,13,31,13,7,26,13,14,13,13,141,13,31,110,70,17,13,13,41,13,13,41,13,13,13,13,65,13,13,21,61,13,13,13
40.02,"spokane",1443,121,269,840,118,0,84,11,931,51,127,600,95,0,58,0,202,52,26,124,0,0,0,0,126,18,95,0,0,0,13,0,82,0,21,61,0,0,0,0,38,0,0,27,0,0,0,11,64,0,0,28,23,0,13,0,289,162,162,332,104,13,68,22,220,79,90,236,101,13,61,13,157,81,42,113,13,13,13,13,101,28,95,13,13,13,22,13,64,13,33,57,13,13,13,13,49,13,13,44,13,13,13,22,66,13,13,47,35,13,23,13
126,"spokane",2256,20,264,1117,344,206,190,115,1696,5,174,840,261,185,149,82,138,9,13,90,26,0,0,0,158,6,0,108,21,0,16,7,37,0,0,0,10,16,0,11,28,0,0,23,0,5,0,0,199,0,77,56,26,0,25,15,434,18,142,316,90,91,95,56,336,8,74,313,77,87,73,53,90,15,15,76,30,13,13,13,83,11,13,66,25,13,22,10,37,13,13,13,15,22,13,17,37,13,13,36,13,9,13,13,142,13,122,68,32,13,30,17
9505,"stevens",783,15,43,404,119,69,102,31,642,8,43,329,67,62,102,31,55,0,0,22,27,6,0,0,0,0,0,0,0,0,0,0,72,7,0,48,17,0,0,0,6,0,0,5,0,1,0,0,8,0,0,0,8,0,0,0,158,19,34,91,59,44,63,41,142,14,34,98,37,43,63,41,57,13,13,29,33,10,13,13,13,13,13,13,13,13,13,13,52,12,13,43,25,13,13,13,11,13,13,10,13,4,13,13,14,13,13,13,14,13,13,13
9606,"asotin",1604,31,87,570,433,219,111,153,1330,13,87,497,354,165,75,139,79,17,0,12,26,0,24,0,0,0,0,0,0,0,0,0,55,0,0,1,0,54,0,0,25,0,0,10,7,0,0,8,115,1,0,50,46,0,12,6,245,29,56,172,182,104,63,81,226,21,56,135,173,83,48,78,63,20,13,19,40,13,38,13,13,13,13,13,13,13,13,13,80,13,13,3,13,80,13,13,29,13,13,18,12,13,13,14,90,3,13,74,47,13,20,12
103.04,"spokane",2183,138,39,1067,459,217,226,37,1743,138,39,865,370,166,138,27,213,0,0,84,45,28,56,0,0,0,0,0,0,0,0,0,0,0,0,0,0,0,0,0,84,0,0,84,0,0,0,0,143,0,0,34,44,23,32,10,446,118,64,251,221,116,104,35,385,118,64,242,166,110,84,31,167,18,18,93,68,37,63,18,18,18,18,18,18,18,18,18,18,18,18,18,18,18,18,18,60,18,18,60,18,18,18,18,102,18,18,55,55,34,52,19
19,"spokane",1684,30,123,945,273,143,76,94,1358,18,88,762,223,114,59,94,131,12,26,73,4,7,9,0,19,0,0,0,0,15,4,0,11,0,0,11,0,0,0,0,13,0,0,0,6,7,0,0,152,0,9,99,40,0,4,0,269,35,85,193,107,67,44,59,230,28,67,158,95,66,42,59,76,21,29,70,8,11,14,13,19,13,13,13,13,18,8,13,17,13,13,17,13,13,13,13,14,13,13,13,8,10,13,13,101,13,14,93,38,13,6,13
135.01,"spokane",843,0,18,305,239,76,75,130,686,0,0,235,222,40,59,130,74,0,18,24,0,16,16,0,0,0,0,0,0,0,0,0,0,0,0,0,0,0,0,0,0,0,0,0,0,0,0,0,83,0,0,46,17,20,0,0,209,13,26,103,182,63,73,85,208,13,13,103,175,45,69,85,74,13,26,35,13,27,27,13,13,13,13,13,13,13,13,13,13,13,13,13,13,13,13,13,13,13,13,13,13,13,13,13,60,13,13,35,29,33,13,13
111.03,"spokane",1126,34,114,571,94,130,144,39,758,6,77,444,34,130,28,39,90,0,5,85,0,0,0,0,119,0,32,42,45,0,0,0,28,28,0,0,0,0,0,0,106,0,0,0,15,0,91,0,25,0,0,0,0,0,25,0,214,37,103,175,91,99,85,44,162,14,79,140,45,99,46,44,76,13,23,83,13,13,13,13,97,13,55,44,62,13,13,13,35,35,13,13,13,13,13,13,65,13,13,13,28,13,68,13,34,13,13,13,13,13,34,13
41,"spokane",1112,15,123,529,213,101,65,66,733,8,75,326,136,90,43,55,93,0,18,53,0,0,11,11,113,0,0,102,0,11,0,0,7,7,0,0,0,0,0,0,8,0,0,8,0,0,0,0,158,0,30,40,77,0,11,0,223,17,63,175,83,51,38,44,172,13,41,116,60,48,32,48,52,13,25,44,13,13,17,18,88,13,13,87,13,17,13,13,11,11,13,13,13,13,13,13,13,13,13,13,13,13,13,13,92,13,40,33,54,13,17,13
127.01,"spokane",1937,34,180,907,318,191,200,107,1601,13,169,674,272,182,200,91,233,21,11,162,30,9,0,0,17,0,0,17,0,0,0,0,0,0,0,0,0,0,0,0,42,0,0,42,0,0,0,0,44,0,0,12,16,0,0,16,328,42,134,217,91,87,83,59,271,18,133,155,84,85,83,55,198,36,16,163,32,14,13,13,26,13,13,26,13,13,13,13,13,13,13,13,13,13,13,13,42,13,13,42,13,13,13,13,37,13,13,18,25,13,13,19
9506,"stevens",857,22,71,359,173,118,60,54,736,22,71,282,146,113,60,42,45,0,0,24,15,0,0,6,0,0,0,0,0,0,0,0,0,0,0,0,0,0,0,0,33,0,0,27,0,0,0,6,43,0,0,26,12,5,0,0,169,19,51,107,71,49,29,26,153,19,51,86,65,49,29,25,28,13,13,24,13,13,13,9,13,13,13,13,13,13,13,13,13,13,13,13,13,13,13,13,30,13,13,28,13,13,13,11,29,13,13,21,20,8,13,13
103.05,"spokane",3588,84,350,1662,712,475,89,216,2883,84,208,1395,572,399,51,174,134,0,0,49,85,0,0,0,0,0,0,0,0,0,0,0,34,0,0,0,34,0,0,0,197,0,128,69,0,0,0,0,340,0,14,149,21,76,38,42,856,86,309,755,268,185,68,124,789,86,130,750,254,166,53,125,81,18,18,49,74,18,18,18,18,18,18,18,18,18,18,18,55,18,18,18,55,18,18,18,217,18,201,77,18,18,18,18,155,18,26,127,34,63,42,36
20,"spokane",1673,46,214,951,245,137,45,35,1171,19,167,705,137,87,30,26,196,6,18,107,58,7,0,0,137,0,29,58,34,9,7,0,64,21,0,35,0,8,0,0,32,0,0,24,0,0,8,0,73,0,0,22,16,26,0,9,263,36,122,200,104,84,29,29,219,22,111,135,65,65,23,25,118,9,22,99,48,11,13,13,87,13,28,64,49,14,11,13,43,27,13,35,13,12,13,13,40,13,13,38,13,13,13,13,48,13,13,24,23,37,13,14
135.02,"spokane",1116,0,52,218,306,146,263,131,780,0,52,196,194,146,107,85,132,0,0,22,62,0,16,32,0,0,0,0,0,0,0,0,0,0,0,0,0,0,0,0,0,0,0,0,0,0,0,0,204,0,0,0,50,0,140,14,245,13,49,124,96,81,157,74,215,13,49,118,91,81,85,69,91,13,13,36,69,13,26,39,13,13,13,13,13,13,13,13,13,13,13,13,13,13,13,13,13,13,13,13,13,13,13,13,173,13,13,13,40,13,163,23
111.04,"spokane",1435,89,238,744,154,85,72,53,1083,29,193,586,116,85,53,21,122,9,29,33,0,0,19,32,62,0,16,46,0,0,0,0,104,51,0,53,0,0,0,0,27,0,0,14,13,0,0,0,37,0,0,12,25,0,0,0,408,104,144,332,101,87,74,58,420,41,133,327,93,87,69,32,102,16,35,36,13,13,31,46,47,13,25,40,13,13,13,13,103,69,13,81,13,13,13,13,51,13,13,26,25,13,13,13,43,13,13,19,39,13,13,13
42,"spokane",2373,58,294,818,532,207,319,145,1738,22,222,576,386,120,295,117,164,7,13,99,19,26,0,0,84,0,25,11,27,13,8,0,24,11,0,6,0,7,0,0,40,0,0,31,0,9,0,0,323,18,34,95,100,32,16,28,333,40,202,140,220,59,75,63,246,18,159,110,136,45,72,56,76,10,17,59,20,24,13,13,37,13,22,14,23,20,13,13,21,16,13,10,13,10,13,13,25,13,13,25,13,14,13,13,131,28,58,48,95,30,19,24
2.01,"spokane",1323,33,126,662,282,76,102,42,1157,6,80,637,214,76,102,42,97,10,32,16,39,0,0,0,40,17,14,9,0,0,0,0,29,0,0,0,29,0,0,0,0,0,0,0,0,0,0,0,0,0,0,0,0,0,0,0,332,32,71,287,126,58,75,38,338,10,54,289,120,58,75,38,61,12,41,17,33,13,13,13,36,27,23,14,13,13,13,13,34,13,13,13,34,13,13,13,13,13,13,13,13,13,13,13,13,13,13,13,13,13,13,13
127.02,"spokane",1142,52,76,574,225,110,45,60,877,30,46,453,175,97,39,37,87,17,26,14,16,7,0,7,10,5,0,5,0,0,0,0,2,0,0,2,0,0,0,0,16,0,0,0,0,0,0,16,150,0,4,100,34,6,6,0,200,32,47,166,73,37,23,31,142,24,36,112,72,34,24,23,58,17,33,17,16,11,13,10,12,7,13,8,13,13,13,13,6,13,13,6,13,13,13,13,18,13,13,13,13,13,13,18,89,13,7,80,31,9,9,13
9507,"stevens",975,7,119,395,145,123,100,86,705,0,83,311,67,77,100,67,138,0,36,37,44,13,0,8,13,0,0,0,0,13,0,0,32,7,0,0,21,4,0,0,0,0,0,0,0,0,0,0,87,0,0,47,13,16,0,11,141,10,81,94,53,58,65,51,126,13,76,94,39,47,65,49,78,13,47,33,37,18,13,9,23,13,13,13,13,23,13,13,24,10,13,13,21,8,13,13,13,13,13,13,13,13,13,13,44,13,13,30,14,22,13,12
104.01,"spokane",2032,62,284,1151,270,194,52,19,1698,50,247,948,221,165,48,19,246,12,37,142,31,24,0,0,11,0,0,6,0,5,0,0,13,0,0,13,0,0,0,0,4,0,0,0,0,0,4,0,60,0,0,42,18,0,0,0,230,47,122,185,88,85,31,16,228,34,126,167,87,82,29,16,110,18,51,91,21,25,18,18,14,18,18,12,18,8,18,18,19,18,18,19,18,18,18,18,7,18,18,18,18,18,7,18,38,18,18,33,21,18,18,18
21,"spokane",1394,58,136,796,199,68,107,30,1118,45,123,622,178,60,70,20,100,0,4,55,21,8,12,0,15,0,0,15,0,0,0,0,9,0,9,0,0,0,0,0,47,0,0,36,0,0,11,0,105,13,0,68,0,0,14,10,242,43,81,215,85,38,60,27,206,35,80,172,80,37,44,22,58,13,8,48,26,13,19,13,17,13,13,17,13,13,13,13,15,13,15,13,13,13,13,13,47,13,13,43,13,13,16,13,64,19,13,58,13,13,22,15
135.03,"spokane",2904,22,64,1369,827,171,321,130,2264,22,64,1020,659,116,292,91,387,0,0,196,138,36,17,0,0,0,0,0,0,0,0,0,64,0,0,13,12,19,0,20,0,0,0,0,0,0,0,0,189,0,0,140,18,0,12,19,487,27,77,240,243,101,177,73,464,27,77,259,207,81,173,60,179,18,18,112,104,46,27,18,18,18,18,18,18,18,18,18,71,18,18,20,20,31,18,32,18,18,18,18,18,18,18,18,113,18,18,105,31,18,19,30
112.02,"spokane",1730,40,78,726,359,210,157,160,1426,6,69,636,302,195,108,110,116,34,7,31,35,2,7,0,7,0,0,0,5,0,2,0,21,0,0,8,0,6,7,0,9,0,0,0,0,0,2,7,151,0,2,51,17,7,31,43,266,37,62,196,117,95,55,78,249,7,60,186,104,91,48,62,66,36,10,27,37,3,11,13,8,13,13,13,7,13,3,13,25,13,13,17,13,14,11,13,10,13,13,13,13,13,3,10,69,13,3,45,21,11,22,49
43,"spokane",1632,0,108,623,340,113,167,281,1177,0,59,397,271,102,125,223,133,0,40,76,17,0,0,0,121,0,0,88,11,0,0,22,25,0,0,25,0,0,0,0,29,0,0,15,14,0,0,0,147,0,9,22,27,11,42,36,255,13,59,191,102,52,77,114,168,13,47,125,80,52,70,86,114,13,47,69,19,13,13,13,53,13,13,44,18,13,13,21,39,13,13,39,13,13,13,13,21,13,13,17,11,13,13,13,82,13,14,24,26,16,38,46
2.02,"spokane",580,78,78,223,104,41,56,0,436,35,47,189,68,41,56,0,50,18,31,1,0,0,0,0,36,18,0,18,0,0,0,0,43,7,0,0,36,0,0,0,0,0,0,0,0,0,0,0,15,0,0,15,0,0,0,0,142,65,53,114,75,37,52,13,129,38,36,106,67,37,52,13,67,29,40,9,13,13,13,13,27,18,13,21,13,13,13,13,34,11,13,13,32,13,13,13,13,13,13,13,13,13,13,13,23,13,13,23,13,13,13,13
128.01,"spokane",1894,128,75,802,416,275,121,77,1550,128,58,652,299,232,112,69,208,0,17,88,86,8,9,0,47,0,0,8,31,8,0,0,17,0,0,9,0,0,0,8,18,0,0,0,0,18,0,0,54,0,0,45,0,9,0,0,226,105,47,161,140,122,58,59,213,105,40,155,92,118,56,57,84,13,19,47,68,12,15,13,47,13,13,13,45,12,13,13,19,13,13,15,13,13,13,12,19,13,13,13,13,19,13,13,43,13,13,41,13,14,13,13
9508,"stevens",1310,55,74,247,338,128,296,172,987,34,25,208,274,103,236,107,122,21,48,15,0,9,0,29,17,0,0,0,0,0,7,10,55,0,1,20,9,14,8,3,0,0,0,0,0,0,0,0,129,0,0,4,55,2,45,23,248,45,60,78,139,53,146,86,219,35,22,75,98,51,141,59,97,28,54,14,13,13,13,46,18,13,13,13,13,13,12,14,46,13,3,27,13,15,12,5,13,13,13,13,13,13,13,13,92,13,13,7,70,4,43,35
104.03,"spokane",1392,34,31,687,339,136,126,39,1268,34,31,626,319,121,98,39,34,0,0,15,11,0,8,0,0,0,0,0,0,0,0,0,0,0,0,0,0,0,0,0,18,0,0,0,0,15,3,0,72,0,0,46,9,0,17,0,341,26,27,249,182,72,76,38,361,26,27,248,187,66,69,38,39,13,13,30,20,13,13,13,13,13,13,13,13,13,13,13,13,13,13,13,13,13,13,13,26,13,13,13,13,24,5,13,63,13,13,55,15,13,22,13
23,"spokane",2247,70,299,915,415,322,149,77,1521,70,174,528,318,232,134,65,239,0,0,167,46,26,0,0,117,0,42,59,0,16,0,0,66,0,0,66,0,0,0,0,143,0,83,60,0,0,0,0,161,0,0,35,51,48,15,12,443,78,212,314,170,132,114,56,334,78,143,234,144,117,112,53,168,13,13,154,52,31,13,13,99,13,56,73,13,25,13,13,71,13,13,71,13,13,13,13,150,13,134,69,13,13,13,13,97,13,13,42,72,51,24,19
138,"spokane",1955,87,775,1037,46,5,5,0,1517,18,574,874,46,0,5,0,191,18,112,61,0,0,0,0,0,0,0,0,0,0,0,0,145,44,84,17,0,0,0,0,13,7,0,6,0,0,0,0,89,0,5,79,0,5,0,0,273,57,204,233,33,8,9,13,233,20,169,169,33,13,9,13,95,26,84,40,13,13,13,13,13,13,13,13,13,13,13,13,83,46,81,27,13,13,13,13,14,11,13,9,13,13,13,13,96,13,7,95,13,8,13,13
136,"spokane",2542,73,208,1336,652,86,90,97,1876,55,97,1018,489,68,83,66,430,18,50,191,156,15,0,0,0,0,0,0,0,0,0,0,25,0,0,13,0,0,0,12,34,0,0,34,0,0,0,0,177,0,61,80,7,3,7,19,391,44,137,276,167,48,59,52,295,39,59,243,134,43,58,42,182,22,66,112,113,23,18,18,18,18,18,18,18,18,18,18,29,18,18,21,18,18,18,20,32,18,18,32,18,18,18,18,124,18,104,60,12,8,11,22
112.03,"spokane",2693,131,406,1364,331,158,174,129,2052,68,306,1128,292,134,42,82,226,44,68,76,14,24,0,0,183,19,0,125,0,0,39,0,102,0,0,10,0,0,45,47,28,0,0,13,0,0,15,0,102,0,32,12,25,0,33,0,454,85,195,413,106,110,116,89,371,65,168,348,107,104,41,68,116,37,74,72,23,27,18,18,199,32,18,183,18,18,47,18,129,18,18,24,18,18,64,66,35,18,18,23,18,18,26,18,66,18,38,19,39,18,49,18
44,"spokane",2440,156,364,1100,371,220,135,94,1892,69,275,929,275,148,118,78,258,41,15,118,32,36,0,16,75,0,58,17,0,0,0,0,48,32,16,0,0,0,0,0,30,14,0,16,0,0,0,0,137,0,0,20,64,36,17,0,396,103,144,300,124,123,64,67,352,72,108,302,108,103,57,59,110,51,23,83,37,47,13,25,75,13,71,27,13,13,13,13,56,51,28,13,13,13,13,13,33,22,13,25,13,13,13,13,95,13,13,33,54,56,28,13
3.01,"spokane",1201,46,118,740,98,79,105,15,798,46,96,450,45,64,82,15,196,0,22,135,39,0,0,0,0,0,0,0,0,0,0,0,77,0,0,63,14,0,0,0,0,0,0,0,0,0,0,0,130,0,0,92,0,15,23,0,329,53,72,270,81,58,84,25,282,53,66,217,46,56,60,25,97,13,23,100,47,13,13,13,13,13,13,13,13,13,13,13,99,13,13,97,27,13,13,13,13,13,13,13,13,13,13,13,90,13,13,87,13,20,38,13
128.02,"spokane",1808,85,48,760,492,177,157,89,1480,52,48,657,403,127,138,55,129,0,0,36,31,32,19,11,31,22,0,0,0,9,0,0,11,11,0,0,0,0,0,0,15,0,0,0,10,0,0,5,142,0,0,67,48,9,0,18,304,53,35,171,159,83,105,49,286,43,35,133,155,70,104,35,61,13,13,36,36,32,24,17,33,31,13,13,13,14,13,13,18,18,13,13,13,13,13,13,20,13,13,13,17,13,13,9,93,13,13,74,44,13,13,24
9509,"stevens",434,14,37,114,126,40,73,30,317,11,28,78,76,33,71,20,32,3,5,3,12,0,2,7,0,0,0,0,0,0,0,0,9,0,4,2,0,0,0,3,10,0,0,3,7,0,0,0,66,0,0,28,31,7,0,0,73,9,24,35,43,16,23,19,66,8,20,32,29,14,23,16,18,4,7,5,11,13,3,8,13,13,13,13,13,13,13,13,8,13,5,3,13,13,13,4,11,13,13,4,10,13,13,13,33,13,13,13,31,7,13,13
104.04,"spokane",1355,47,37,302,533,163,100,173,977,47,18,158,404,124,73,153,187,0,19,79,6,36,27,20,0,0,0,0,0,0,0,0,17,0,0,0,17,0,0,0,0,0,0,0,0,0,0,0,174,0,0,65,106,3,0,0,289,46,43,157,226,103,99,95,261,46,29,110,213,95,63,89,120,13,31,78,10,42,44,32,13,13,13,13,13,13,13,13,26,13,13,13,26,13,13,13,13,13,13,13,13,13,13,13,120,13,13,65,102,19,13,13
24,"spokane",895,0,145,497,93,36,49,75,584,0,123,280,73,36,32,40,40,0,0,23,0,0,17,0,35,0,0,23,12,0,0,0,62,0,11,51,0,0,0,0,11,0,11,0,0,0,0,0,163,0,0,120,8,0,0,35,213,13,72,161,60,38,57,68,171,13,66,115,58,38,52,43,41,13,13,26,13,13,22,13,41,13,13,35,19,13,13,13,63,13,17,60,13,13,13,13,18,13,18,13,13,13,13,13,143,13,13,101,12,13,13,51
139,"spokane",2373,66,197,1089,505,368,103,45,2145,58,189,981,485,305,91,36,89,0,0,74,0,15,0,0,0,0,0,0,0,0,0,0,41,8,0,0,5,28,0,0,29,0,0,0,0,20,0,9,69,0,8,34,15,0,12,0,406,52,143,419,161,127,81,35,400,49,142,421,160,129,80,32,83,18,18,78,18,26,18,18,18,18,18,18,18,18,18,18,50,17,18,18,11,46,18,18,33,18,18,18,18,30,18,15,60,18,15,52,24,18,22,18
137,"spokane",1667,10,248,695,328,140,152,94,1208,6,212,479,263,86,125,37,244,2,6,134,38,17,2,45,49,2,0,32,0,0,7,8,29,0,29,0,0,0,0,0,32,0,0,32,0,0,0,0,105,0,1,18,27,37,18,4,210,12,88,147,126,81,63,55,166,10,91,119,115,48,61,22,90,4,10,66,39,22,3,56,36,4,13,33,13,13,11,12,32,13,32,13,13,13,13,13,31,13,13,31,13,13,13,13,73,13,5,20,23,58,24,5
112.04,"spokane",950,0,116,491,26,84,68,165,782,0,101,368,14,84,68,147,112,0,0,100,12,0,0,0,0,0,0,0,0,0,0,0,0,0,0,0,0,0,0,0,0,0,0,0,0,0,0,0,56,0,15,23,0,0,0,18,231,13,99,130,34,71,64,129,251,13,88,157,23,71,64,126,66,13,13,60,25,13,13,13,13,13,13,13,13,13,13,13,13,13,13,13,13,13,13,13,13,13,13,13,13,13,13,13,57,13,25,38,13,13,13,31
45,"spokane",1497,85,44,604,410,135,126,93,1199,60,44,517,263,119,117,79,82,16,0,35,31,0,0,0,9,9,0,0,0,0,0,0,0,0,0,0,0,0,0,0,5,0,0,5,0,0,0,0,202,0,0,47,116,16,9,14,213,48,34,133,126,62,51,50,193,46,34,135,93,56,49,43,64,18,13,32,37,13,13,13,13,13,13,13,13,13,13,13,13,13,13,13,13,13,13,13,10,13,13,10,13,13,13,13,89,13,13,41,75,19,14,15
3.02,"spokane",1146,25,104,573,332,14,53,45,805,12,104,442,155,14,41,37,213,13,0,45,155,0,0,0,45,0,0,14,11,0,12,8,71,0,0,71,0,0,0,0,0,0,0,0,0,0,0,0,12,0,0,1,11,0,0,0,304,34,91,187,203,29,62,36,265,27,91,160,116,29,43,33,155,20,13,51,149,13,13,13,62,13,13,28,18,13,25,16,85,13,13,85,13,13,13,13,13,13,13,13,13,13,13,13,24,13,13,4,24,13,13,13
129.01,"spokane",1177,15,94,532,230,65,185,56,759,15,64,330,157,46,108,39,214,0,0,78,56,19,51,10,0,0,0,0,0,0,0,0,25,0,6,19,0,0,0,0,10,0,0,10,0,0,0,0,169,0,24,95,17,0,26,7,190,17,55,137,98,48,57,54,134,17,43,108,73,39,44,46,111,13,13,66,47,29,42,15,13,13,13,13,13,13,13,13,23,13,10,21,13,13,13,13,16,13,13,16,13,13,13,13,138,13,35,99,21,13,31,11
9511,"stevens",1127,18,75,420,214,108,207,85,778,18,53,297,130,61,148,71,126,0,22,49,27,28,0,0,2,0,0,0,0,0,0,2,13,0,0,9,4,0,0,0,8,0,0,0,0,8,0,0,200,0,0,65,53,11,59,12,197,20,44,157,70,50,74,52,146,20,36,98,56,36,65,50,94,13,24,36,37,38,13,13,5,13,13,13,13,13,13,5,17,13,13,15,7,13,13,13,11,13,13,13,13,11,13,13,111,13,13,84,61,11,33,12
105.04,"spokane",1393,40,123,432,320,221,182,75,1211,34,115,357,247,221,172,65,99,6,8,39,26,0,10,10,0,0,0,0,0,0,0,0,10,0,0,0,10,0,0,0,9,0,0,0,9,0,0,0,64,0,0,36,28,0,0,0,191,38,86,156,97,81,68,42,182,35,85,156,83,81,69,33,67,11,12,54,25,13,15,16,13,13,13,13,13,13,13,13,16,13,13,13,16,13,13,13,15,13,13,13,15,13,13,13,39,13,13,34,26,13,13,13
25.01,"spokane",1511,30,661,569,89,47,103,12,1090,4,442,488,33,47,64,12,62,0,0,50,0,0,12,0,36,0,15,21,0,0,0,0,211,13,120,10,41,0,27,0,7,7,0,0,0,0,0,0,105,6,84,0,15,0,0,0,376,19,310,220,87,56,78,20,327,8,241,200,33,56,63,20,95,13,13,87,13,13,20,13,32,13,23,23,13,13,13,13,149,18,122,17,64,13,42,13,14,14,13,13,13,13,13,13,82,12,77,13,26,13,13,13
140.01,"spokane",2334,305,885,733,134,59,27,191,1388,111,457,527,84,11,16,182,119,30,58,16,15,0,0,0,58,7,26,11,14,0,0,0,582,138,283,132,13,11,0,5,79,0,35,34,0,10,0,0,108,19,26,13,8,27,11,4,381,74,198,205,77,52,25,204,322,50,133,170,64,17,19,203,74,39,58,22,21,18,18,18,43,15,25,17,24,18,18,18,182,50,140,92,19,17,18,8,55,18,44,30,18,16,18,18,67,23,24,21,11,44,16,8
113.01,"spokane",1646,45,149,719,405,122,124,82,1397,36,58,625,379,110,124,65,113,9,58,46,0,0,0,0,13,0,0,0,13,0,0,0,0,0,0,0,0,0,0,0,75,0,33,0,13,12,0,17,48,0,0,48,0,0,0,0,234,47,121,176,154,81,82,70,188,38,62,139,151,76,82,63,83,16,59,54,13,13,13,13,24,13,13,13,24,13,13,13,13,13,13,13,13,13,13,13,69,13,52,13,20,19,13,30,55,13,13,55,13,13,13,13
46.01,"spokane",1500,62,70,598,290,136,195,149,1105,62,46,409,236,126,154,72,218,0,14,139,14,0,0,51,27,0,0,0,8,0,0,19,39,0,0,20,12,0,0,7,28,0,10,18,0,0,0,0,83,0,0,12,20,10,41,0,205,40,48,157,110,56,81,73,187,40,45,134,109,54,64,42,146,13,20,114,20,13,13,62,27,13,13,13,12,13,13,24,43,13,13,35,18,13,13,11,27,13,15,23,13,13,13,13,62,13,13,20,32,15,47,13
4,"spokane",1722,47,179,991,224,87,86,108,1372,36,86,808,207,71,86,78,106,0,70,12,8,16,0,0,18,11,0,7,0,0,0,0,53,0,23,8,0,0,0,22,0,0,0,0,0,0,0,0,173,0,0,156,9,0,0,8,421,38,81,395,86,46,49,57,264,35,47,232,84,43,49,44,67,13,59,19,15,20,13,13,21,17,13,12,13,13,13,13,54,13,37,14,13,13,13,35,13,13,13,13,13,13,13,13,192,13,13,191,13,13,13,12
9513.01,"stevens",1055,5,50,536,149,133,103,79,816,5,50,372,142,120,70,57,142,0,0,97,7,10,10,18,0,0,0,0,0,0,0,0,10,0,0,0,0,0,10,0,37,0,0,27,0,0,10,0,50,0,0,40,0,3,3,4,204,8,48,173,81,92,53,42,200,8,48,151,81,91,49,36,103,13,13,89,10,11,13,19,13,13,13,13,13,13,13,13,14,13,13,13,13,13,14,13,41,13,13,40,13,13,15,13,34,13,13,33,13,4,6,6
105.05,"spokane",1684,140,106,732,413,141,79,73,1340,140,106,487,347,123,75,62,157,0,0,99,58,0,0,0,4,0,0,0,0,0,4,0,0,0,0,0,0,0,0,0,89,0,0,71,0,18,0,0,94,0,0,75,8,0,0,11,356,125,116,187,163,73,62,59,320,125,116,181,128,82,61,48,105,13,13,86,73,13,13,13,9,13,13,13,13,13,9,13,13,13,13,13,13,13,13,13,109,13,13,105,13,30,13,13,73,13,13,67,17,13,13,18
25.02,"spokane",1249,12,278,750,108,43,34,24,936,12,222,502,108,34,34,24,256,0,28,225,0,3,0,0,0,0,0,0,0,0,0,0,28,0,28,0,0,0,0,0,13,0,0,7,0,6,0,0,16,0,0,16,0,0,0,0,626,16,151,565,109,48,34,38,345,16,96,284,109,42,34,38,327,13,43,321,13,7,13,13,13,13,13,13,13,13,13,13,44,13,44,13,13,13,13,13,96,13,13,48,13,48,13,13,37,13,13,37,13,13,13,13
113.02,"spokane",2566,12,160,1415,451,88,374,66,1988,0,137,1305,325,68,103,50,474,12,23,86,97,20,236,0,24,0,0,24,0,0,0,0,0,0,0,0,0,0,0,0,0,0,0,0,0,0,0,0,80,0,0,0,29,0,35,16,710,20,100,464,175,54,372,65,457,18,94,473,136,50,72,47,393,20,36,73,97,25,370,18,34,18,18,34,18,18,18,18,18,18,18,18,18,18,18,18,18,18,18,18,18,18,18,18,66,18,18,18,33,18,52,27
46.02,"spokane",1748,9,100,909,261,248,161,60,1214,0,69,590,165,193,148,49,212,0,15,105,61,10,10,11,58,0,16,29,0,10,3,0,0,0,0,0,0,0,0,0,0,0,0,0,0,0,0,0,264,9,0,185,35,35,0,0,303,14,62,283,110,84,61,40,136,13,54,126,72,85,56,34,133,13,21,95,72,17,15,18,34,13,25,27,13,16,8,13,13,13,13,13,13,13,13,13,13,13,13,13,13,13,13,13,252,14,13,254,32,33,13,13
5,"spokane",1739,28,136,812,339,260,83,81,1416,7,104,663,275,244,62,61,225,21,0,141,46,7,10,0,15,0,6,0,0,9,0,0,2,0,0,0,2,0,0,0,11,0,0,0,11,0,0,0,70,0,26,8,5,0,11,20,205,23,68,143,118,120,38,39,197,11,62,136,107,120,36,32,122,21,13,93,51,11,15,13,17,13,10,13,13,14,13,13,4,13,13,13,4,13,13,13,18,13,13,13,18,13,13,13,41,13,30,14,11,13,16,22
9513.02,"stevens",598,21,57,199,144,63,65,49,453,10,30,191,111,52,41,18,84,11,8,5,23,4,24,9,19,0,19,0,0,0,0,0,7,0,0,0,0,7,0,0,0,0,0,0,0,0,0,0,35,0,0,3,10,0,0,22,129,24,29,68,91,35,28,32,119,12,17,68,67,36,26,14,41,13,14,9,29,5,19,15,20,13,20,13,13,13,13,13,10,13,13,13,13,10,13,13,13,13,13,13,13,13,13,13,31,13,13,5,15,13,13,26
105.06,"spokane",2163,37,288,809,353,205,213,258,1512,28,221,530,306,157,202,68,91,0,12,34,16,0,0,29,129,0,38,69,10,12,0,0,10,0,0,10,0,0,0,0,9,0,0,0,0,0,0,9,412,9,17,166,21,36,11,152,443,38,162,233,136,112,153,110,310,34,123,194,114,90,152,50,79,18,21,60,28,18,18,33,89,18,60,69,18,20,18,18,16,18,18,16,18,18,18,18,14,18,18,18,18,18,18,14,223,15,27,156,31,59,18,100
25.03,"spokane",966,351,516,56,43,0,0,0,377,39,277,18,43,0,0,0,30,0,30,0,0,0,0,0,8,8,0,0,0,0,0,0,459,271,150,38,0,0,0,0,8,8,0,0,0,0,0,0,84,25,59,0,0,0,0,0,371,92,384,50,64,13,13,13,345,24,367,30,64,13,13,13,35,13,35,13,13,13,13,13,16,16,13,13,13,13,13,13,119,89,65,40,13,13,13,13,15,15,13,13,13,13,13,13,59,27,47,13,13,13,13,13
114,"spokane",2236,46,97,921,782,182,155,53,1637,46,79,630,570,156,133,23,325,0,18,220,51,17,0,19,14,0,0,0,0,0,14,0,0,0,0,0,0,0,0,0,0,0,0,0,0,0,0,0,260,0,0,71,161,9,8,11,439,45,74,221,293,84,94,44,348,45,68,202,184,84,91,27,189,18,30,137,72,29,18,30,22,18,18,18,18,18,22,18,18,18,18,18,18,18,18,18,18,18,18,18,18,18,18,18,243,18,18,75,245,18,12,19
9400,"ferry",588,2,57,230,93,83,54,69,466,2,52,177,76,77,42,40,49,0,0,28,12,6,3,0,2,0,0,0,2,0,0,0,14,0,5,6,3,0,0,0,8,0,0,8,0,0,0,0,49,0,0,11,0,0,9,29,100,4,24,59,32,26,20,33,71,4,25,44,27,27,16,25,32,13,13,22,11,7,5,13,3,13,13,13,3,13,13,13,11,13,7,6,4,13,13,13,8,13,13,8,13,13,13,13,31,13,13,13,13,13,12,26
9701,"ferry",930,42,6,255,219,128,149,131,582,18,0,201,130,92,105,36,147,0,6,54,55,29,0,3,7,0,0,0,0,7,0,0,59,16,0,0,0,0,0,43,0,0,0,0,0,0,0,0,135,8,0,0,34,0,44,49,168,34,10,78,83,67,68,86,132,23,13,84,73,57,53,26,91,13,10,44,50,44,13,5,16,13,13,13,13,16,13,13,64,25,13,13,13,13,13,59,13,13,13,13,13,13,13,13,98,15,13,13,38,13,43,55
9702,"ferry",998,0,90,413,194,133,58,110,503,0,59,161,103,73,44,63,162,0,12,93,32,17,0,8,0,0,0,0,0,0,0,0,126,0,18,99,0,9,0,0,31,0,0,0,11,6,14,0,176,0,1,60,48,28,0,39,206,13,89,122,65,56,36,60,150,13,77,62,58,43,32,37,60,13,17,54,31,29,13,13,13,13,13,13,13,13,13,13,97,13,30,90,13,14,13,13,32,13,13,13,16,9,21,13,125,13,3,50,56,25,13,47
6.01,"whitman",1875,47,1087,545,90,88,0,18,978,34,657,201,26,60,0,0,133,0,25,95,13,0,0,0,323,0,201,98,24,0,0,0,278,13,77,122,20,28,0,18,72,0,58,14,0,0,0,0,91,0,69,15,7,0,0,0,337,40,301,196,61,82,13,30,272,35,253,96,28,74,13,13,101,13,34,79,23,13,13,13,139,13,120,58,38,13,13,13,115,20,78,82,28,26,13,30,75,13,71,23,13,13,13,13,61,13,54,19,17,13,13,13
4,"whitman",2197,213,233,893,295,260,183,120,1325,183,105,460,194,145,137,101,272,13,49,125,53,11,9,12,90,0,51,30,0,0,9,0,306,17,28,185,32,19,25,0,116,0,0,36,0,73,0,7,88,0,0,57,16,12,3,0,436,236,121,192,120,139,64,44,358,236,65,126,109,67,61,40,114,23,49,83,44,16,14,19,89,13,80,32,13,13,14,13,127,22,23,108,26,21,30,13,112,13,13,42,13,102,13,11,53,13,13,52,15,15,7,13
6.02,"whitman",2418,168,1320,824,48,0,28,30,1486,17,939,490,27,0,13,0,280,52,134,73,21,0,0,0,263,64,99,85,0,0,15,0,285,35,143,107,0,0,0,0,74,0,5,69,0,0,0,0,30,0,0,0,0,0,0,30,502,112,374,216,49,13,41,33,348,30,308,176,27,13,22,13,315,54,171,83,35,13,13,13,156,64,94,70,13,13,26,13,153,56,119,80,13,13,13,13,65,13,9,64,13,13,13,13,33,13,13,13,13,13,13,33
5,"whitman",1055,390,516,149,0,0,0,0,174,12,133,29,0,0,0,0,17,7,0,10,0,0,0,0,18,0,13,5,0,0,0,0,617,274,286,57,0,0,0,0,22,0,16,6,0,0,0,0,207,97,68,42,0,0,0,0,216,139,182,71,13,13,13,13,118,23,110,28,13,13,13,13,20,13,13,16,13,13,13,13,20,13,18,9,13,13,13,13,141,131,124,49,13,13,13,13,26,13,23,10,13,13,13,13,105,89,43,38,13,13,13,13
9703,"garfield",947,17,22,369,218,71,139,111,672,17,19,264,186,51,75,60,110,0,0,47,25,18,8,12,0,0,0,0,0,0,0,0,46,0,0,35,0,2,0,9,3,0,0,0,0,0,3,0,116,0,3,23,7,0,53,30,104,19,23,72,73,34,53,54,94,19,22,51,73,30,33,44,52,13,13,34,17,16,8,14,13,13,13,13,13,13,13,13,32,13,13,30,13,4,13,13,4,13,13,13,13,13,4,13,61,13,7,26,9,13,49,30
7,"whitman",1628,43,63,572,414,255,178,103,1191,29,57,422,308,170,133,72,163,8,4,76,36,26,8,5,8,0,0,0,0,4,4,0,111,4,1,22,41,29,5,9,13,0,1,1,10,1,0,0,142,2,0,51,19,25,28,17,188,23,29,117,87,68,49,33,141,21,28,89,69,51,46,25,44,10,5,23,17,16,6,8,11,13,13,13,13,7,10,13,36,5,2,19,32,18,6,8,15,13,2,3,14,3,13,13,58,3,13,42,10,28,15,13
2.02,"whitman",1329,51,186,833,97,106,16,40,1009,23,130,671,86,77,11,11,127,14,38,44,11,0,5,15,14,0,0,0,0,0,0,14,129,0,18,82,0,29,0,0,50,14,0,36,0,0,0,0,0,0,0,0,0,0,0,0,291,66,119,235,70,63,32,33,281,31,119,232,68,55,27,17,93,18,48,64,19,13,12,22,17,13,13,13,13,13,13,17,114,13,32,70,13,40,13,13,50,18,13,39,13,13,13,13,13,13,13,13,13,13,13,13
1,"whitman",1980,538,1161,258,0,0,15,8,558,41,384,125,0,0,0,8,84,11,59,14,0,0,0,0,52,0,32,20,0,0,0,0,1088,378,606,89,0,0,15,0,14,0,14,0,0,0,0,0,184,108,66,10,0,0,0,0,283,154,251,96,18,18,16,13,142,36,123,61,18,18,18,13,69,17,67,21,18,18,18,18,57,18,48,29,18,18,18,18,243,137,203,44,18,18,16,18,23,18,23,18,18,18,18,18,84,74,41,14,18,18,18,18
8,"whitman",1666,50,37,764,333,138,184,160,1227,39,16,609,213,88,111,151,225,11,21,39,79,35,40,0,38,0,0,13,12,0,13,0,49,0,0,14,22,0,13,0,76,0,0,47,7,15,7,0,51,0,0,42,0,0,0,9,251,44,35,194,86,63,83,90,251,42,25,192,65,60,46,84,90,16,24,29,48,42,32,13,55,13,13,18,18,13,19,13,59,13,13,20,23,13,19,13,60,13,13,43,11,21,12,13,35,13,13,32,13,13,13,16
3,"whitman",3349,87,281,2147,391,150,147,146,2291,0,153,1359,350,150,133,146,552,0,38,474,26,0,14,0,63,0,17,46,0,0,0,0,160,0,0,160,0,0,0,0,56,0,56,0,0,0,0,0,227,87,17,108,15,0,0,0,449,130,168,330,193,99,108,72,400,18,104,282,190,99,107,72,221,18,57,216,39,18,22,18,53,18,31,43,18,18,18,18,160,18,18,160,18,18,18,18,94,18,94,18,18,18,18,18,166,130,32,79,25,18,18,18
2.01,"whitman",2305,62,466,994,433,152,137,61,1555,9,404,556,287,129,109,61,362,53,3,219,72,6,9,0,75,0,30,45,0,0,0,0,214,0,0,140,74,0,0,0,0,0,0,0,0,0,0,0,99,0,29,34,0,17,19,0,502,58,310,271,117,91,87,48,412,16,290,178,100,71,69,48,178,54,5,158,68,11,15,13,83,13,48,50,13,13,13,13,155,13,13,128,76,13,13,13,13,13,13,13,13,13,13,13,69,13,45,32,13,27,30,13
9,"whitman",1521,30,103,521,317,212,218,120,1165,15,74,433,248,168,163,64,88,5,3,29,24,14,13,0,2,0,0,0,0,2,0,0,86,7,15,21,12,13,5,13,25,0,0,9,14,2,0,0,155,3,11,29,19,13,37,43,146,17,45,88,63,52,48,36,142,13,36,86,52,47,41,28,35,6,4,22,18,13,13,13,3,13,13,13,13,3,13,13,31,7,14,14,11,10,6,11,22,13,13,10,20,3,13,13,43,6,17,15,12,10,15,24
10,"whitman",1043,28,100,316,273,120,91,115,778,24,67,268,209,56,59,95,106,0,29,27,37,7,2,4,4,4,0,0,0,0,0,0,54,0,4,7,12,8,16,7,0,0,0,0,0,0,0,0,101,0,0,14,15,49,14,9,168,19,64,55,78,53,35,84,147,17,40,62,71,23,24,83,52,13,34,23,30,9,5,6,7,7,13,13,13,13,13,13,22,13,5,7,9,8,12,8,13,13,13,13,13,13,13,13,53,13,13,13,12,43,11,6
