Label,"With_dialup_Internet_subscription_alone_Less_than_$10,000_Income","With_a_broadband_Internet_subscription_Less_than_$10,000_Income","Without_an_Internet_subscription_Less_than_$10,000_Income","With_dial-up_Internet_subscription_alone_$10,000_to_$19,999_Income","With_a_broadband_Internet_subscription_$10,000_to_$19,999_Income","Without_an_Internet_subscription_$10,000_to_$19,999_Income","With_dialup_Internet_subscription_alone_$20,000_to_$34,999_Income","With_a_broadband_Internet_subscription_$20,000_to_$34,999_Income","Without_an_Internet_subscription_$20,000_to_$34,999_Income","With_dialup_Internet_subscription_alone_$35,000_to_$49,999_Income","With_a_broadband_Internet_subscription_$35,000_to_$49,999_Income","Without_an_Internet_subscription_$35,000_to_$49,999_Income","With_dialup_Internet_subscription_alone_$50,000_to_$74,999_Income","With_a_broadband_Internet_subscription_$50,000_to_$74,999_Income","Without_an_Internet_subscription_$50,000_to_$74,999_Income","With_dialup_Internet_subscription_alone_$75,000_or_more_Income","With_a_broadband_Internet_subscription_$75,000_or_more_Income","Without_an_Internet_subscription_$75,000_or_more_Income",tract,county,Standarized_With_dialup_Internet_subscription_alone,standarized_With_a_broadband_Internet_subscription,standardized_Without_an_Internet_subscription,standarized_With_dial-up_Internet_subscription_alone,standarized_With_a_broadband_Internet_subscription,standarized_Without_an_Internet_subscription,standarized_With_dialup_Internet_subscription_alone,standarized_With_a_broadband_Internet_subscription,standarized_Without_an_Internet_subscription,standarized_With_dialup_Internet_subscription_alone,standarized_With_a_broadband_Internet_subscription,standarized_Without_an_Internet_subscription,standardized_With_dialup_Internet_subscription_alone,standardized_With_a_broadband_Internet_subscription,standardized_Without_an_Internet_subscription,standarized_With_dialup_Internet_subscription_alone,standardized_With_a_broadband_Internet_subscription,standardized_Without_an_Internet_subscription,index
Estimate,0,52,31,0,70,46,5,127,47,0,121,31,0,188,13,0,347,21,9501,Adams,-0.237078755,-0.209317899,0.083846892,-0.184475312,-0.234323799,0.24832885,1.413061104,-0.347751287,-0.036041927,-0.242232848,-0.524126508,0.126515825,-0.236178552,-0.494389662,-0.422037512,-0.30034277,-0.561355609,-0.162649138,-2.320548907
Estimate,2,17,35,0,26,10,0,52,17,0,68,20,0,117,22,0,205,21,9502,Adams,0.517450151,-0.622216311,0.195439483,-0.184475312,-0.795864047,-0.694605134,-0.301727901,-1.012591293,-0.601385294,-0.242232848,-0.989435707,-0.261710327,-0.236178552,-1.072676021,-0.097681104,-0.30034277,-0.978758231,-0.162649138,-7.841640357
Estimate,0,30,15,0,0,8,0,15,103,0,108,23,0,76,11,0,98,14,9503.01,Adams,-0.237078755,-0.468854043,-0.362523471,-0.184475312,-1.127683285,-0.746990356,-0.301727901,-1.34057903,1.019265692,-0.242232848,-0.638258953,-0.155830467,-0.236178552,-1.406616031,-0.494116714,-0.30034277,-1.293279926,-0.359209088,-8.876711809
Estimate,0,0,0,0,52,10,0,60,42,0,48,13,0,201,0,0,154,41,9503.02,Adams,-0.237078755,-0.822766968,-0.780995687,-0.184475312,-0.46404481,-0.694605134,-0.301727901,-0.941675026,-0.130265821,-0.242232848,-1.165024084,-0.508763332,-0.236178552,-0.388506244,-0.890552324,-0.30034277,-1.128670441,0.398950717,-9.018955292
Estimate,0,9,0,0,22,0,0,152,49,0,54,0,0,121,18,0,199,8,9503.03,Adams,-0.237078755,-0.716593091,-0.780995687,-0.184475312,-0.846913161,-0.956531241,-0.301727901,-0.126137951,0.001647631,-0.242232848,-1.112347571,-0.967576057,-0.236178552,-1.040096507,-0.241839508,-0.30034277,-0.996394962,-0.527689044,-9.813503286
Estimate,0,66,16,0,6,54,0,103,43,0,82,29,0,163,26,0,265,23,9504,Adams,-0.237078755,-0.044158534,-0.334625324,-0.184475312,-1.051109615,0.457869735,-0.301727901,-0.560500089,-0.111421043,-0.242232848,-0.866523843,0.055929252,-0.236178552,-0.698011619,0.0464773,-0.30034277,-0.802390926,-0.106489153,-5.516989996
Estimate,0,131,69,0,62,104,0,119,56,0,345,17,0,270,11,0,441,69,9505,Adams,-0.237078755,0.722652802,1.143976505,-0.184475312,-0.336422026,1.767500269,-0.301727901,-0.418667554,0.133561083,-0.242232848,1.442463314,-0.367590186,-0.236178552,0.173490358,-0.494116714,-0.30034277,-0.285046831,1.185190514,3.164955397
Estimate,0,32,18,8,70,30,0,122,53,0,199,47,0,290,33,0,848,32,9601,Asotin,-0.237078755,-0.445259849,-0.278829028,0.90452411,-0.234323799,-0.170752921,-0.301727901,-0.392073954,0.077026747,-0.242232848,0.160668162,0.691208409,-0.236178552,0.336387924,0.298754506,-0.30034277,0.91131139,0.146230782,0.687311653
Estimate,0,58,0,0,67,17,0,90,57,13,291,62,0,368,17,14,879,81,9602,Asotin,-0.237078755,-0.138535314,-0.780995687,-0.184475312,-0.272610635,-0.51125686,-0.301727901,-0.675739023,0.152405862,1.717875808,0.968374697,1.220607706,-0.236178552,0.971688431,-0.277879108,4.022568341,1.002434498,1.522150427,7.961628623
Estimate,0,23,69,0,194,21,0,214,73,0,190,24,0,346,6,0,189,15,9603,Asotin,-0.237078755,-0.551433726,1.143976505,-0.184475312,1.348198718,-0.406486417,-0.301727901,0.423463121,0.453922325,-0.242232848,0.081653393,-0.120537181,-0.236178552,0.792501109,-0.674314718,-0.30034277,-1.025789513,-0.331129095,-0.368011617
Estimate,0,72,38,0,78,78,0,144,19,73,128,20,0,138,8,0,172,26,9604,Asotin,-0.237078755,0.026624051,0.279133926,-0.184475312,-0.132225573,1.086492391,-0.301727901,-0.197054218,-0.563695736,10.76453114,-0.462670576,-0.261710327,-0.236178552,-0.901633576,-0.602235516,-0.30034277,-1.075760249,-0.022249175,6.677743271
Estimate,0,31,43,0,89,58,0,151,118,6,337,71,0,161,25,0,423,13,9605,Asotin,-0.237078755,-0.457056946,0.418624664,-0.184475312,0.008159489,0.562640178,-0.301727901,-0.135002484,1.301937376,0.662432686,1.372227964,1.538247285,-0.236178552,-0.714301376,0.010437699,-0.30034277,-0.337957022,-0.38728908,2.583297142
Estimate,0,14,0,0,88,72,0,190,65,0,340,0,0,261,9,14,485,68,9606,Asotin,-0.237078755,-0.657607603,-0.780995687,-0.184475312,-0.004602789,0.929336727,-0.301727901,0.210714319,0.303164094,-0.242232848,1.39856622,-0.967576057,-0.236178552,0.100186454,-0.566195916,4.022568341,-0.155710807,1.157110521,3.787264451
Estimate,0,20,34,0,42,60,5,76,53,0,74,28,0,68,29,0,116,45,9400,Ferry,-0.237078755,-0.586825018,0.167541335,-0.184475312,-0.591667594,0.615025399,1.413061104,-0.799842491,0.077026747,-0.242232848,-0.936759194,0.020635965,-0.236178552,-1.471775057,0.154596102,-0.30034277,-1.240369734,0.511270688,-3.868389985
Estimate,0,82,38,0,30,77,0,173,203,5,66,39,4,86,12,0,352,97,9701,Ferry,-0.237078755,0.144595025,0.279133926,-0.184475312,-0.744814934,1.060299781,-0.301727901,0.060017251,2.903743584,0.511655097,-1.006994544,0.408862117,0.623934383,-1.325167248,-0.458077113,-0.30034277,-0.546658333,1.971430311,2.858334563
Estimate,0,67,67,0,113,88,13,121,15,0,124,100,5,172,0,6,339,31,9702,Ferry,-0.237078755,-0.032361437,1.088180209,-0.184475312,0.31445417,1.348418498,4.156723511,-0.400938487,-0.639074852,-0.242232848,-0.497788251,2.561752593,0.838962617,-0.624707714,-0.890552324,1.55233342,-0.58487125,0.118150789,7.644894579
Estimate,0,39,0,0,39,13,0,117,46,0,145,45,0,167,33,0,294,48,9703,Garfield,-0.237078755,-0.362680166,-0.780995687,-0.184475312,-0.629954429,-0.616027302,-0.301727901,-0.436396621,-0.054886706,-0.242232848,-0.313420455,0.620621836,-0.236178552,-0.665432106,0.298754506,-0.30034277,-0.717146729,0.595510666,-4.564089331
Estimate,0,44,10,0,26,7,0,109,24,0,102,14,0,206,11,0,213,3,9601,Lincoln,-0.237078755,-0.303694679,-0.50201421,-0.184475312,-0.795864047,-0.773182967,-0.301727901,-0.507312888,-0.469471842,-0.242232848,-0.690935466,-0.473470046,-0.236178552,-0.347781852,-0.494116714,-0.30034277,-0.955242591,-0.668089008,-8.483212447
Estimate,9,25,9,0,54,6,0,171,50,7,231,21,0,161,11,5,559,17,9602,Lincoln,3.158301321,-0.527839531,-0.529912357,-0.184475312,-0.438520253,-0.799375577,-0.301727901,0.042288184,0.02049241,0.813210274,0.441609566,-0.22641704,-0.236178552,-0.714301376,-0.494116714,1.243554055,0.06180887,-0.274969109,1.053430957
Estimate,0,21,35,0,41,52,0,110,11,2,120,9,2,174,46,8,417,86,9603,Lincoln,-0.237078755,-0.575027921,0.195439483,-0.184475312,-0.604429872,0.405484514,-0.301727901,-0.498448355,-0.714453968,0.05932233,-0.532905927,-0.649936478,0.193877916,-0.608417958,0.767269317,2.16989215,-0.355593753,1.66255039,0.191339902
Estimate,0,72,50,2,59,52,2,195,47,2,150,27,0,273,33,4,387,34,9604,Lincoln,-0.237078755,0.026624051,0.613911698,0.087774544,-0.374708861,0.405484514,0.384187701,0.255036986,-0.036041927,0.05932233,-0.269523361,-0.014657321,-0.236178552,0.197924993,0.298754506,0.93477469,-0.443777405,0.202390767,1.854220597
Estimate,0,17,40,0,18,45,0,127,33,0,131,18,6,92,22,0,342,41,9701,Pend Oreille,-0.237078755,-0.622216311,0.334930221,-0.184475312,-0.897962274,0.222136239,-0.301727901,-0.347751287,-0.299868832,-0.242232848,-0.436332319,-0.3322969,1.053990851,-1.276297978,-0.097681104,-0.30034277,-0.576052884,0.398950717,-4.142309447
Estimate,8,9,21,0,42,72,0,115,55,0,158,106,0,165,45,0,370,27,9702,Pend Oreille,2.781036868,-0.716593091,-0.195134585,-0.184475312,-0.591667594,0.929336727,-0.301727901,-0.454125688,0.114716304,-0.242232848,-0.19928801,2.773512312,-0.236178552,-0.681721863,0.731229716,-0.30034277,-0.493748142,0.005830818,2.738426392
Estimate,0,60,61,0,67,64,7,125,127,0,134,66,0,130,32,0,416,84,9703,Pend Oreille,-0.237078755,-0.114941119,0.920791323,-0.184475312,-0.272610635,0.719795842,2.098976705,-0.365480353,1.471540386,-0.242232848,-0.409994063,1.361780852,-0.236178552,-0.966792603,0.262714905,-0.30034277,-0.358533208,1.606390405,4.753330202
Estimate,0,62,17,0,46,68,0,92,79,0,197,8,0,242,57,0,316,11,9704,Pend Oreille,-0.237078755,-0.091346924,-0.306727176,-0.184475312,-0.54061848,0.824566285,-0.301727901,-0.658009956,0.566990998,-0.242232848,0.143109325,-0.685229765,-0.236178552,-0.054566234,1.163704927,-0.30034277,-0.652478717,-0.443449066,-2.23609092
Estimate,9,8,22,0,45,0,0,53,0,0,149,36,0,207,43,14,405,114,9705,Pend Oreille,3.158301321,-0.728390188,-0.167236437,-0.184475312,-0.553380759,-0.956531241,-0.301727901,-1.00372676,-0.921746536,-0.242232848,-0.27830278,0.302982257,-0.236178552,-0.339636974,0.659150515,4.022568341,-0.390867214,2.448790187,4.28735912
Estimate,0,102,27,0,144,56,0,247,20,0,262,7,0,170,6,0,254,0,2.01,Spokane,-0.237078755,0.380536975,-0.027745699,-0.184475312,0.710084799,0.510254957,-0.301727901,0.715992724,-0.544850958,-0.242232848,0.71377155,-0.720523051,-0.236178552,-0.640997471,-0.674314718,-0.30034277,-0.834724932,-0.752328986,-2.666880947
Estimate,0,54,8,0,54,38,0,67,25,0,132,30,0,152,0,0,56,0,2.02,Spokane,-0.237078755,-0.185723704,-0.557810505,-0.184475312,-0.438520253,0.038787964,-0.301727901,-0.879623292,-0.450627063,-0.242232848,-0.4275529,0.091222538,-0.236178552,-0.78760528,-0.890552324,-0.30034277,-1.41673704,-0.752328986,-8.159106982
Estimate,0,62,25,0,188,0,0,188,68,0,151,27,0,275,0,0,111,0,3.01,Spokane,-0.237078755,-0.091346924,-0.083541994,-0.184475312,1.271625047,-0.956531241,-0.301727901,0.192985252,0.35969843,-0.242232848,-0.260743942,-0.014657321,-0.236178552,0.21421475,-0.890552324,-0.30034277,-1.25506701,-0.752328986,-3.7682824
Estimate,0,73,13,0,129,11,0,121,94,0,226,16,0,182,11,0,147,12,3.02,Spokane,-0.237078755,0.038421148,-0.418319767,-0.184475312,0.518650624,-0.668412524,-0.301727901,-0.400938487,0.849662682,-0.242232848,0.397712471,-0.402883473,-0.236178552,-0.543258932,-0.494116714,-0.30034277,-1.149246626,-0.415369073,-4.190134807
Estimate,0,90,72,0,69,25,0,413,49,0,149,32,0,438,9,0,292,0,4,Spokane,-0.237078755,0.238971805,1.227670948,-0.184475312,-0.247086078,-0.301715974,-0.301727901,2.187505272,0.001647631,-0.242232848,-0.27830278,0.161809111,-0.236178552,1.541829912,-0.566195916,-0.30034277,-0.723025639,-0.752328986,0.988743169
Estimate,0,48,15,0,53,25,0,129,47,0,345,0,0,355,16,0,414,0,5,Spokane,-0.237078755,-0.256506289,-0.362523471,-0.184475312,-0.451282532,-0.301715974,-0.301727901,-0.33002222,-0.036041927,-0.242232848,1.442463314,-0.967576057,-0.236178552,0.865805013,-0.313918709,-0.30034277,-0.364412118,-0.752328986,-3.330096092
Estimate,0,20,13,0,86,7,0,142,10,0,152,7,0,320,3,0,504,22,6,Spokane,-0.237078755,-0.586825018,-0.418319767,-0.184475312,-0.030127346,-0.773182967,-0.301727901,-0.214783285,-0.733298747,-0.242232848,-0.251964523,-0.720523051,-0.236178552,0.580734273,-0.782433521,-0.30034277,-0.09986116,-0.134569146,-5.667190395
Estimate,0,104,0,0,109,47,0,257,28,0,425,102,0,510,38,0,569,42,7,Spokane,-0.237078755,0.40413117,-0.780995687,-0.184475312,0.263405057,0.274521461,-0.301727901,0.804638058,-0.394092726,-0.242232848,2.144816822,2.632339166,-0.236178552,2.128261149,0.47895251,-0.30034277,0.091203421,0.427030709,6.972174973
Estimate,0,28,8,0,62,33,0,148,102,0,224,16,9,358,22,0,941,4,8,Spokane,-0.237078755,-0.492448238,-0.557810505,-0.184475312,-0.336422026,-0.092175089,-0.301727901,-0.161596085,1.000420913,-0.242232848,0.380153634,-0.402883473,1.699075552,0.890239648,-0.097681104,-0.30034277,1.184680714,-0.640009015,1.10768734
Estimate,0,88,76,0,61,51,0,139,65,0,228,44,11,730,14,0,814,47,9,Spokane,-0.237078755,0.21537761,1.339263539,-0.184475312,-0.349184305,0.379291903,-0.301727901,-0.241376886,0.303164094,-0.242232848,0.415271309,0.585328549,2.129132019,3.920134374,-0.385997911,-0.30034277,0.811369917,0.567430673,8.423347301
Estimate,0,22,26,0,35,24,0,346,120,0,329,43,0,379,0,0,903,82,10,Spokane,-0.237078755,-0.563230823,-0.055643847,-0.184475312,-0.681003542,-0.327908585,-0.301727901,1.593581533,1.339626934,-0.242232848,1.301992613,0.550035263,-0.236178552,1.061282093,-0.890552324,-0.30034277,1.07298142,1.550230419,4.449355016
Estimate,0,9,0,0,23,10,0,165,30,0,217,7,0,339,9,0,596,6,11,Spokane,-0.237078755,-0.716593091,-0.780995687,-0.184475312,-0.834150883,-0.694605134,-0.301727901,-0.010899017,-0.356403168,-0.242232848,0.318697702,-0.720523051,-0.236178552,0.735486961,-0.566195916,-0.30034277,0.170568708,-0.58384903,-5.541497743
Estimate,0,22,12,0,35,11,0,152,37,0,225,4,0,195,19,0,277,0,12,Spokane,-0.237078755,-0.563230823,-0.446217914,-0.184475312,-0.681003542,-0.668412524,-0.301727901,-0.126137951,-0.224489716,-0.242232848,0.388933053,-0.826402911,-0.236178552,-0.437375514,-0.205799907,-0.30034277,-0.767117465,-0.752328986,-6.811620338
Estimate,0,128,15,0,55,96,0,239,16,0,245,3,0,321,5,0,373,25,13,Spokane,-0.237078755,0.687261509,-0.362523471,-0.184475312,-0.425757975,1.557959384,-0.301727901,0.645076457,-0.620230073,-0.242232848,0.564521429,-0.861696197,-0.236178552,0.588879151,-0.710354319,-0.30034277,-0.484929777,-0.050329167,-0.974159186
Estimate,0,72,43,0,187,39,0,518,26,11,566,38,0,501,33,0,371,10,14,Spokane,-0.237078755,0.026624051,0.418624664,-0.184475312,1.258862769,0.064980575,-0.301727901,3.118281282,-0.431782284,1.41632063,3.38271488,0.37356883,-0.236178552,2.054957245,0.298754506,-0.30034277,-0.490808687,-0.471529059,9.759766112
Estimate,0,53,0,0,128,111,0,324,182,0,406,0,0,547,153,0,470,21,15,Spokane,-0.237078755,-0.197520801,-0.780995687,-0.184475312,0.505888346,1.950848544,-0.301727901,1.398561798,2.508003226,-0.242232848,1.978007864,-0.967576057,-0.236178552,2.429621646,4.623506612,-0.30034277,-0.199802633,-0.162649138,11.58385758
Estimate,0,58,71,0,162,63,0,255,43,0,139,64,0,119,8,0,372,0,16,Spokane,-0.237078755,-0.138535314,1.1997728,-0.184475312,0.93980581,0.693603231,-0.301727901,0.786908992,-0.111421043,-0.242232848,-0.366096969,1.291194279,-0.236178552,-1.056386264,-0.602235516,-0.30034277,-0.487869232,-0.752328986,-0.105624349
Estimate,0,89,28,0,85,138,0,109,140,5,165,9,0,247,30,0,318,12,18,Spokane,-0.237078755,0.227174708,0.000152449,-0.184475312,-0.042889624,2.658049032,-0.301727901,-0.507312888,1.716522512,0.511655097,-0.137832078,-0.649936478,-0.236178552,-0.013841842,0.190635703,-0.30034277,-0.646599806,-0.415369073,1.63060442
Estimate,0,126,20,0,97,14,0,110,47,0,269,70,5,276,0,0,438,5,19,Spokane,-0.237078755,0.663667314,-0.223032733,-0.184475312,0.110257716,-0.589834692,-0.301727901,-0.498448355,-0.036041927,-0.242232848,0.775227482,1.502953998,0.838962617,0.222359628,-0.890552324,-0.30034277,-0.293865196,-0.611929022,-0.296133078
Estimate,0,226,81,18,116,0,0,483,44,0,172,46,0,235,13,0,265,8,20,Spokane,-0.237078755,1.843377062,1.478754277,2.265773387,0.352741005,-0.956531241,-0.301727901,2.808022612,-0.092576264,-0.242232848,-0.076376146,0.655915122,-0.236178552,-0.111580382,-0.422037512,-0.30034277,-0.802390926,-0.527689044,5.097841124
Estimate,0,40,0,29,36,18,0,142,20,0,98,13,0,258,13,0,458,0,21,Spokane,-0.237078755,-0.350883069,-0.780995687,3.763147591,-0.668241264,-0.485064249,-0.301727901,-0.214783285,-0.544850958,-0.242232848,-0.726053141,-0.508763332,-0.236178552,0.075751819,-0.422037512,-0.30034277,-0.235076094,-0.752328986,-3.167738993
Estimate,0,183,122,0,239,66,0,282,13,0,158,60,0,356,0,0,634,69,23,Spokane,-0.237078755,1.336101871,2.622578333,-0.184475312,1.922501244,0.772181063,-0.301727901,1.026251394,-0.67676441,-0.242232848,-0.19928801,1.150021133,-0.236178552,0.873949892,-0.890552324,-0.30034277,0.282268001,1.185190514,7.902402564
Estimate,0,212,70,0,83,99,0,122,48,0,110,12,0,244,0,0,144,8,24,Spokane,-0.237078755,1.678217698,1.171874652,-0.184475312,-0.068414181,1.636537216,-0.301727901,-0.392073954,-0.017197148,-0.242232848,-0.620700115,-0.544056619,-0.236178552,-0.038276477,-0.890552324,-0.30034277,-1.158064992,-0.527689044,-1.272431425
Estimate,0,113,0,0,186,20,0,51,15,0,232,27,0,251,0,0,216,0,25.01,Spokane,-0.237078755,0.510305047,-0.780995687,-0.184475312,1.246100491,-0.432679028,-0.301727901,-1.021455827,-0.639074852,-0.242232848,0.450388984,-0.014657321,-0.236178552,0.018737671,-0.890552324,-0.30034277,-0.946424225,-0.752328986,-4.754672194
Estimate,0,74,49,0,106,28,0,127,37,0,68,22,0,352,48,0,0,103,25.02,Spokane,-0.237078755,0.050218246,0.586013551,-0.184475312,0.225118222,-0.223138142,-0.301727901,-0.347751287,-0.224489716,-0.242232848,-0.989435707,-0.191123754,-0.236178552,0.841370379,0.839348519,-0.30034277,-1.581346524,2.139910267,-0.377342085
Estimate,0,69,0,0,0,11,0,17,18,0,0,0,0,0,0,0,82,0,25.03,Spokane,-0.237078755,-0.008767242,-0.780995687,-0.184475312,-1.127683285,-0.668412524,-0.301727901,-1.322849963,-0.582540515,-0.242232848,-1.586436189,-0.967576057,-0.236178552,-2.025626781,-0.890552324,-0.30034277,-1.340311207,-0.752328986,-13.5561169
Estimate,0,91,15,0,285,59,0,457,36,0,399,13,0,361,0,0,367,0,26,Spokane,-0.237078755,0.250768903,-0.362523471,-0.184475312,2.509566049,0.588832789,-0.301727901,2.577544743,-0.243334495,-0.242232848,1.916551932,-0.508763332,-0.236178552,0.914674283,-0.890552324,-0.30034277,-0.502566507,-0.752328986,3.995833446
Estimate,0,22,0,0,52,22,0,141,15,0,135,15,0,319,0,0,498,8,29,Spokane,-0.237078755,-0.563230823,-0.780995687,-0.184475312,-0.46404481,-0.380293806,-0.301727901,-0.223647819,-0.639074852,-0.242232848,-0.401214644,-0.438176759,-0.236178552,0.572589395,-0.890552324,-0.30034277,-0.117497891,-0.527689044,-6.355865201
Estimate,0,25,33,0,133,35,0,131,45,11,113,26,0,138,11,0,227,38,30,Spokane,-0.237078755,-0.527839531,0.139643187,-0.184475312,0.569699737,-0.039789868,-0.301727901,-0.312293153,-0.073731485,1.41632063,-0.594361859,-0.049950608,-0.236178552,-0.901633576,-0.494116714,-0.30034277,-0.914090219,0.314710738,-2.727236009
Estimate,0,186,14,14,148,41,0,255,0,0,324,59,0,461,0,0,654,28,31,Spokane,-0.237078755,1.371493163,-0.390421619,1.721273676,0.761133913,0.117365796,-0.301727901,0.786908992,-0.921746536,-0.242232848,1.258095519,1.114727847,-0.236178552,1.729162113,-0.890552324,-0.30034277,0.341057103,0.033910811,5.714847628
Estimate,0,108,29,0,78,47,0,119,6,27,471,50,0,261,89,0,285,4,32,Spokane,-0.237078755,0.45131956,0.028050597,-0.184475312,-0.132225573,0.274521461,-0.301727901,-0.418667554,-0.808677862,3.828762052,2.548670089,0.797088268,-0.236178552,0.100186454,2.316972155,-0.30034277,-0.743601824,-0.640009015,6.342585517
Estimate,7,359,172,7,279,253,0,346,25,0,41,8,0,74,0,0,219,48,35,Spokane,2.403772416,3.412391027,4.017485718,0.768399182,2.432992378,5.67019926,-0.301727901,1.593581533,-0.450627063,-0.242232848,-1.226480016,-0.685229765,-0.236178552,-1.422905787,-0.890552324,-0.30034277,-0.93760586,0.595510666,14.20044929
Estimate,0,218,55,0,97,8,0,307,9,0,124,26,0,108,27,0,239,0,36.01,Spokane,-0.237078755,1.749000282,0.753402437,-0.184475312,0.110257716,-0.746990356,-0.301727901,1.24786473,-0.752143526,-0.242232848,-0.497788251,-0.049950608,-0.236178552,-1.145979925,0.0825169,-0.30034277,-0.878816758,-0.752328986,-2.382992482
Estimate,0,65,53,0,450,14,0,255,91,0,220,0,0,247,0,0,254,50,36.02,Spokane,-0.237078755,-0.055955632,0.697606142,-0.184475312,4.615341978,-0.589834692,-0.301727901,0.786908992,0.793128345,-0.242232848,0.345035958,-0.967576057,-0.236178552,-0.013841842,-0.890552324,-0.30034277,-0.834724932,0.651670651,3.035170451
Estimate,0,71,6,0,50,42,0,126,0,0,128,5,0,147,12,0,284,23,38,Spokane,-0.237078755,0.014826953,-0.613606801,-0.184475312,-0.489569367,0.143558407,-0.301727901,-0.35661582,-0.921746536,-0.242232848,-0.462670576,-0.791109624,-0.236178552,-0.828329672,-0.458077113,-0.30034277,-0.746541279,-0.106489153,-7.118406717
Estimate,5,39,10,0,104,34,0,85,97,0,155,0,7,131,23,0,315,18,39,Spokane,1.64924351,-0.362680166,-0.50201421,-0.184475312,0.199593665,-0.065982478,-0.301727901,-0.72006169,0.906197019,-0.242232848,-0.225626267,-0.967576057,1.269019084,-0.958647725,-0.061641503,-0.30034277,-0.655418172,-0.246889117,-1.771262937
Estimate,0,78,0,0,89,14,0,304,0,0,116,14,0,452,9,0,250,0,40.01,Spokane,-0.237078755,0.097406635,-0.780995687,-0.184475312,0.008159489,-0.589834692,-0.301727901,1.221271129,-0.921746536,-0.242232848,-0.568023602,-0.473470046,-0.236178552,1.655858208,-0.566195916,-0.30034277,-0.846482752,-0.752328986,-4.018418892
Estimate,0,172,7,0,163,0,0,255,0,0,243,0,0,230,10,0,187,9,40.02,Spokane,-0.237078755,1.206333798,-0.585708653,-0.184475312,0.952568088,-0.956531241,-0.301727901,0.786908992,-0.921746536,-0.242232848,0.546962592,-0.967576057,-0.236178552,-0.152304773,-0.530156315,-0.30034277,-1.031668423,-0.499609051,-3.654563716
Estimate,0,58,0,0,50,34,0,144,50,0,106,13,0,122,0,0,485,10,41,Spokane,-0.237078755,-0.138535314,-0.780995687,-0.184475312,-0.489569367,-0.065982478,-0.301727901,-0.197054218,0.02049241,-0.242232848,-0.655817791,-0.508763332,-0.236178552,-1.031951629,-0.890552324,-0.30034277,-0.155710807,-0.471529059,-6.868005733
Estimate,0,90,10,0,23,8,0,93,14,0,105,52,0,307,14,0,"1,202",18,42,Spokane,-0.237078755,0.238971805,-0.50201421,-0.184475312,-0.834150883,-0.746990356,-0.301727901,-0.649145423,-0.657919631,-0.242232848,-0.664597209,0.867674841,-0.236178552,0.474850855,-0.385997911,-0.30034277,1.951878492,-0.246889117,-2.656364884
Estimate,0,69,10,0,57,9,0,125,14,0,155,29,0,171,26,10,798,43,43,Spokane,-0.237078755,-0.008767242,-0.50201421,-0.184475312,-0.400233418,-0.720797745,-0.301727901,-0.365480353,-0.657919631,-0.242232848,-0.225626267,0.055929252,-0.236178552,-0.632852593,0.0464773,2.78745088,0.764338636,0.455110702,-0.606078057
Estimate,0,30,15,0,59,162,0,185,75,0,340,16,0,292,0,0,940,15,44,Spokane,-0.237078755,-0.468854043,-0.362523471,-0.184475312,-0.374708861,3.286671688,-0.301727901,0.166391652,0.491611883,-0.242232848,1.39856622,-0.402883473,-0.236178552,0.352677681,-0.890552324,-0.30034277,1.181741258,-0.331129095,2.544972978
Estimate,0,54,9,0,64,17,0,47,7,0,110,0,0,276,33,0,872,13,45,Spokane,-0.237078755,-0.185723704,-0.529912357,-0.184475312,-0.31089747,-0.51125686,-0.301727901,-1.05691396,-0.789833083,-0.242232848,-0.620700115,-0.967576057,-0.236178552,0.222359628,0.298754506,-0.30034277,0.981858312,-0.38728908,-5.359166378
Estimate,0,96,89,7,237,103,0,268,95,0,240,122,0,213,31,0,568,55,46.01,Spokane,-0.237078755,0.30975439,1.701939459,0.768399182,1.896976687,1.741307658,-0.301727901,0.902147926,0.868507461,-0.242232848,0.520624335,3.338204896,-0.236178552,-0.290767704,0.226675304,-0.30034277,0.088263966,0.792070615,11.54654335
Estimate,0,93,0,0,16,0,0,57,0,11,51,11,0,158,86,0,705,42,46.02,Spokane,-0.237078755,0.274363098,-0.780995687,-0.184475312,-0.923486831,-0.956531241,-0.301727901,-0.968268626,-0.921746536,1.41632063,-1.138685827,-0.579349905,-0.236178552,-0.738736011,2.208853353,-0.30034277,0.490969313,0.427030709,-3.450066852
Estimate,0,57,0,0,43,0,0,50,100,0,85,0,0,217,0,0,584,0,47.01,Spokane,-0.237078755,-0.150332412,-0.780995687,-0.184475312,-0.578905315,-0.956531241,-0.301727901,-1.03032036,0.962731355,-0.242232848,-0.840185586,-0.967576057,-0.236178552,-0.258188191,-0.890552324,-0.30034277,0.135295247,-0.752328986,-7.609925694
Estimate,0,112,0,0,179,14,0,145,8,0,188,0,0,271,81,0,655,44,47.02,Spokane,-0.237078755,0.49850795,-0.780995687,-0.184475312,1.156764542,-0.589834692,-0.301727901,-0.188189685,-0.770988304,-0.242232848,0.064094555,-0.967576057,-0.236178552,0.181635237,2.028655348,-0.30034277,0.343996558,0.483190695,-0.042775677
Estimate,0,71,0,0,59,99,12,331,30,0,257,156,0,226,68,0,739,9,48,Spokane,-0.237078755,0.014826953,-0.780995687,-0.184475312,-0.374708861,1.636537216,3.81376571,1.460613532,-0.356403168,-0.242232848,0.669874456,4.538176637,-0.236178552,-0.184884287,1.560140537,-0.30034277,0.590910786,-0.499609051,10.88793654
Estimate,0,78,0,0,54,46,0,221,14,0,223,13,0,307,0,13,"1,346",0,49,Spokane,-0.237078755,0.097406635,-0.780995687,-0.184475312,-0.438520253,0.24832885,-0.301727901,0.485514855,-0.657919631,-0.242232848,0.371374215,-0.508763332,-0.236178552,0.474850855,-0.890552324,3.713788976,2.375160024,-0.752328986,2.53565083
Estimate,0,97,71,0,79,33,0,223,99,0,116,108,0,335,29,0,779,31,50,Spokane,-0.237078755,0.321551488,1.1997728,-0.184475312,-0.119463294,-0.092175089,-0.301727901,0.503243922,0.943886577,-0.242232848,-0.568023602,2.844098885,-0.236178552,0.702907448,0.154596102,-0.30034277,0.708488989,0.118150789,5.214998877
Estimate,0,17,64,0,14,0,0,38,0,0,494,14,0,263,34,0,480,63,101.01,Spokane,-0.237078755,-0.622216311,1.004485766,-0.184475312,-0.949011388,-0.956531241,-0.301727901,-1.136694761,-0.921746536,-0.242232848,2.750596723,-0.473470046,-0.236178552,0.11647621,0.334794107,-0.30034277,-0.170408082,1.016710557,-1.509051139
Estimate,0,14,0,0,0,0,14,27,12,0,46,65,0,230,39,0,598,0,101.02,Spokane,-0.237078755,-0.657607603,-0.780995687,-0.184475312,-1.127683285,-0.956531241,4.499681312,-1.234204629,-0.695609189,-0.242232848,-1.182582921,1.326487566,-0.236178552,-0.152304773,0.514992111,-0.30034277,0.176447618,-0.752328986,-2.222547944
Estimate,0,28,0,0,53,19,0,57,73,0,299,98,0,502,32,0,592,105,102.01,Spokane,-0.237078755,-0.492448238,-0.780995687,-0.184475312,-0.451282532,-0.458871638,-0.301727901,-0.968268626,0.453922325,-0.242232848,1.038610047,2.49116602,-0.236178552,2.063102123,0.262714905,-0.30034277,0.158810888,2.196070253,4.010493701
Estimate,0,13,0,0,36,0,0,48,0,0,101,0,0,177,36,0,"1,020",18,102.03,Spokane,-0.237078755,-0.669404701,-0.780995687,-0.184475312,-0.668241264,-0.956531241,-0.301727901,-1.048049427,-0.921746536,-0.242232848,-0.699714885,-0.967576057,-0.236178552,-0.583983323,0.406873308,-0.30034277,1.416897665,-0.246889117,-7.2213974
Estimate,0,56,16,0,2,0,0,96,2,0,72,0,20,187,0,0,504,19,102.04,Spokane,-0.237078755,-0.162129509,-0.334625324,-0.184475312,-1.102158728,-0.956531241,-0.301727901,-0.622551823,-0.884056978,-0.242232848,-0.954318031,-0.967576057,4.064386123,-0.50253454,-0.890552324,-0.30034277,-0.09986116,-0.218809124,-4.897176301
Estimate,0,115,73,0,148,16,9,230,33,0,162,125,0,497,35,8,514,22,103.01,Spokane,-0.237078755,0.533899242,1.255569096,-0.184475312,0.761133913,-0.53744947,2.784892307,0.565295656,-0.299868832,-0.242232848,-0.164170335,3.444084755,-0.236178552,2.022377731,0.370833707,2.16989215,-0.070466609,-0.134569146,11.8014887
Estimate,0,28,0,0,44,0,0,122,0,0,98,0,0,305,5,0,595,39,103.03,Spokane,-0.237078755,-0.492448238,-0.780995687,-0.184475312,-0.566143037,-0.956531241,-0.301727901,-0.392073954,-0.921746536,-0.242232848,-0.726053141,-0.967576057,-0.236178552,0.458561099,-0.710354319,-0.30034277,0.167629253,0.342790731,-7.046977265
Estimate,0,13,122,14,127,38,0,269,133,0,308,0,14,326,36,0,857,0,103.04,Spokane,-0.237078755,-0.669404701,2.622578333,1.721273676,0.493126067,0.038787964,-0.301727901,0.911012459,1.58460906,-0.242232848,1.117624817,-0.967576057,2.774216721,0.629603543,0.406873308,-0.30034277,0.937766486,-0.752328986,9.766780418
Estimate,0,28,111,0,107,0,0,131,0,0,145,0,0,355,0,0,"1,746",21,103.05,Spokane,-0.237078755,-0.492448238,2.315698708,-0.184475312,0.2378805,-0.956531241,-0.301727901,-0.312293153,-0.921746536,-0.242232848,-0.313420455,-0.967576057,-0.236178552,0.865805013,-0.890552324,-0.30034277,3.550942059,-0.162649138,0.451073001
Estimate,0,109,28,0,140,31,0,175,17,0,239,52,0,410,0,0,510,41,104.01,Spokane,-0.237078755,0.463116657,0.000152449,-0.184475312,0.659035686,-0.14456031,-0.301727901,0.077746318,-0.601385294,-0.242232848,0.511844916,0.867674841,-0.236178552,1.31377332,-0.890552324,-0.30034277,-0.082224429,0.398950717,1.071536409
Estimate,0,8,0,0,62,42,0,103,21,0,149,13,0,118,10,0,690,6,104.03,Spokane,-0.237078755,-0.728390188,-0.780995687,-0.184475312,-0.336422026,0.143558407,-0.301727901,-0.560500089,-0.526006179,-0.242232848,-0.27830278,-0.508763332,-0.236178552,-1.064531142,-0.530156315,-0.30034277,0.446877486,-0.58384903,-6.809517011
Estimate,0,0,66,0,79,46,0,31,50,3,129,22,26,169,0,16,595,27,104.04,Spokane,-0.237078755,-0.822766968,1.060282062,-0.184475312,-0.119463294,0.24832885,-0.301727901,-1.198746495,0.02049241,0.210099919,-0.453891157,-0.191123754,5.354555526,-0.649142349,-0.890552324,4.640127071,0.167629253,0.005830818,6.658377599
Estimate,0,33,0,0,87,0,0,132,11,0,187,10,7,172,10,0,670,9,105.04,Spokane,-0.237078755,-0.433462751,-0.780995687,-0.184475312,-0.017365067,-0.956531241,-0.301727901,-0.303428619,-0.714453968,-0.242232848,0.055315136,-0.614643192,1.269019084,-0.624707714,-0.530156315,-0.30034277,0.388088385,-0.499609051,-5.028788586
Estimate,0,38,9,0,35,0,0,152,0,0,183,0,0,80,20,0,724,0,105.05,Spokane,-0.237078755,-0.374477264,-0.529912357,-0.184475312,-0.681003542,-0.956531241,-0.301727901,-0.126137951,-0.921746536,-0.242232848,0.020197461,-0.967576057,-0.236178552,-1.374036518,-0.169760306,-0.30034277,0.546818959,-0.752328986,-7.788530475
Estimate,0,110,0,0,106,12,0,366,106,14,168,71,0,322,25,0,"1,101",0,105.06,Spokane,-0.237078755,0.474913755,-0.780995687,-0.184475312,0.225118222,-0.642219913,-0.301727901,1.770872202,1.075800029,1.868653396,-0.111493822,1.538247285,-0.236178552,0.59702403,0.010437699,-0.30034277,1.654993528,-0.752328986,5.669218446
Estimate,0,23,0,0,60,17,0,135,16,0,199,20,0,269,16,0,839,64,105.07,Spokane,-0.237078755,-0.551433726,-0.780995687,-0.184475312,-0.361946583,-0.51125686,-0.301727901,-0.276835019,-0.620230073,-0.242232848,0.160668162,-0.261710327,-0.236178552,0.16534548,-0.313918709,-0.30034277,0.884856295,1.04479055,-2.924702635
Estimate,0,16,0,0,32,9,0,31,0,0,33,0,0,224,0,0,917,60,105.08,Spokane,-0.237078755,-0.634013408,-0.780995687,-0.184475312,-0.719290377,-0.720797745,-0.301727901,-1.198746495,-0.921746536,-0.242232848,-1.296715367,-0.967576057,-0.236178552,-0.201174043,-0.890552324,-0.30034277,1.114133791,0.932470579,-7.787039806
Estimate,0,25,0,0,60,22,0,102,0,0,103,17,0,318,42,0,677,6,106.01,Spokane,-0.237078755,-0.527839531,-0.780995687,-0.184475312,-0.361946583,-0.380293806,-0.301727901,-0.569364622,-0.921746536,-0.242232848,-0.682156047,-0.367590186,-0.236178552,0.564444517,0.623110914,-0.30034277,0.40866457,-0.58384903,-5.081598165
Estimate,0,27,33,0,14,14,0,295,0,0,47,0,0,330,13,0,"1,137",0,106.03,Spokane,-0.237078755,-0.504245336,0.139643187,-0.184475312,-0.949011388,-0.589834692,-0.301727901,1.141490328,-0.921746536,-0.242232848,-1.173803503,-0.967576057,-0.236178552,0.662183056,-0.422037512,-0.30034277,1.760813911,-0.752328986,-4.078489663
Estimate,0,0,0,0,48,14,0,15,17,0,178,0,0,156,38,0,862,14,106.04,Spokane,-0.237078755,-0.822766968,-0.780995687,-0.184475312,-0.515093923,-0.589834692,-0.301727901,-1.34057903,-0.601385294,-0.242232848,-0.023699633,-0.967576057,-0.236178552,-0.755025767,0.47895251,-0.30034277,0.952463762,-0.359209088,-6.826786005
Estimate,0,19,0,0,27,56,0,44,0,0,57,0,0,387,0,0,856,16,107.01,Spokane,-0.237078755,-0.598622116,-0.780995687,-0.184475312,-0.783101769,0.510254957,-0.301727901,-1.083507561,-0.921746536,-0.242232848,-1.086009314,-0.967576057,-0.236178552,1.126441119,-0.890552324,-0.30034277,0.934827031,-0.303049102,-6.345673496
Estimate,0,77,0,0,11,0,0,10,11,0,138,0,0,116,27,0,772,0,107.02,Spokane,-0.237078755,0.085609538,-0.780995687,-0.184475312,-0.987298223,-0.956531241,-0.301727901,-1.384901697,-0.714453968,-0.242232848,-0.374876387,-0.967576057,-0.236178552,-1.080820899,0.0825169,-0.30034277,0.687912804,-0.752328986,-8.64578004
Estimate,0,79,33,0,121,27,0,140,20,0,81,11,0,122,44,0,207,86,108,Spokane,-0.237078755,0.109203733,0.139643187,-0.184475312,0.416552397,-0.249330753,-0.301727901,-0.232512352,-0.544850958,-0.242232848,-0.875303262,-0.579349905,-0.236178552,-1.031951629,0.695190115,-0.30034277,-0.972879321,1.66255039,-2.965074494
Estimate,0,4,0,0,84,0,0,128,11,0,82,30,0,184,13,0,277,0,109.01,Spokane,-0.237078755,-0.775578578,-0.780995687,-0.184475312,-0.055651902,-0.956531241,-0.301727901,-0.338886753,-0.714453968,-0.242232848,-0.866523843,0.091222538,-0.236178552,-0.526969175,-0.422037512,-0.30034277,-0.767117465,-0.752328986,-8.36788871
Estimate,0,9,0,0,0,0,0,46,0,0,150,0,0,123,0,0,357,0,109.02,Spokane,-0.237078755,-0.716593091,-0.780995687,-0.184475312,-1.127683285,-0.956531241,-0.301727901,-1.065778494,-0.921746536,-0.242232848,-0.269523361,-0.967576057,-0.236178552,-1.023806751,-0.890552324,-0.30034277,-0.531961058,-0.752328986,-11.50711301
Estimate,0,57,0,0,57,61,0,175,30,0,193,42,0,215,7,8,614,17,110,Spokane,-0.237078755,-0.150332412,-0.780995687,-0.184475312,-0.400233418,0.64121801,-0.301727901,0.077746318,-0.356403168,-0.242232848,0.107991649,0.514741976,-0.236178552,-0.274477948,-0.638275117,2.16989215,0.2234789,-0.274969109,-0.342311224
Estimate,0,72,18,0,124,14,0,324,20,0,266,23,0,358,42,0,460,8,111.02,Spokane,-0.237078755,0.026624051,-0.278829028,-0.184475312,0.454839232,-0.589834692,-0.301727901,1.398561798,-0.544850958,-0.242232848,0.748889225,-0.155830467,-0.236178552,0.890239648,0.623110914,-0.30034277,-0.229197184,-0.527689044,0.313997358
Estimate,0,88,49,18,92,144,0,611,61,20,210,46,0,132,0,0,214,0,111.03,Spokane,-0.237078755,0.21537761,0.586013551,2.265773387,0.046446325,2.815204696,-0.301727901,3.94268289,0.227784978,2.77331893,0.25724177,0.655915122,-0.236178552,-0.950502846,-0.890552324,-0.30034277,-0.952303136,-0.752328986,9.164743988
Estimate,15,46,48,0,203,29,0,255,81,25,183,17,0,167,0,0,225,0,111.04,Spokane,5.421888039,-0.280100484,0.558115403,-0.184475312,1.463059223,-0.196945532,-0.301727901,0.786908992,0.604680556,3.527206874,0.020197461,-0.367590186,-0.236178552,-0.665432106,-0.890552324,-0.30034277,-0.91996913,-0.752328986,7.286413265
Estimate,0,24,13,0,31,75,0,240,20,0,266,16,0,287,3,0,602,25,112.02,Spokane,-0.237078755,-0.539636628,-0.418319767,-0.184475312,-0.732052656,1.007914559,-0.301727901,0.65394099,-0.544850958,-0.242232848,0.748889225,-0.402883473,-0.236178552,0.311953289,-0.782433521,-0.30034277,0.188205439,-0.050329167,-2.061638804
Estimate,0,60,221,14,202,31,0,578,86,0,366,76,0,334,88,0,571,31,112.03,Spokane,-0.237078755,-0.114941119,5.384494956,1.721273676,1.450296944,-0.14456031,-0.301727901,3.650153287,0.698904451,-0.242232848,1.62683111,1.714713717,-0.236178552,0.694762569,2.280932554,-0.30034277,0.097082331,0.118150789,17.86053413
Estimate,0,44,0,0,57,70,12,152,22,0,113,12,0,177,12,0,310,0,112.04,Spokane,-0.237078755,-0.303694679,-0.780995687,-0.184475312,-0.400233418,0.876951506,3.81376571,-0.126137951,-0.5071614,-0.242232848,-0.594361859,-0.544056619,-0.236178552,-0.583983323,-0.458077113,-0.30034277,-0.670115447,-0.752328986,-2.230737501
Estimate,0,63,0,0,34,43,0,136,0,0,88,54,0,242,30,0,902,0,113.01,Spokane,-0.237078755,-0.079549827,-0.780995687,-0.184475312,-0.693765821,0.169751018,-0.301727901,-0.267970486,-0.921746536,-0.242232848,-0.81384733,0.938261414,-0.236178552,-0.054566234,0.190635703,-0.30034277,1.070041965,-0.752328986,-3.498116943
Estimate,0,121,19,0,86,1,1,205,0,0,221,0,0,264,0,0,"1,001",96,113.02,Spokane,-0.237078755,0.604681827,-0.25093088,-0.184475312,-0.030127346,-0.930338631,0.0412299,0.34368232,-0.921746536,-0.242232848,0.353815377,-0.967576057,-0.236178552,0.124621089,-0.890552324,-0.30034277,1.361048019,1.943350318,-0.419151159
Estimate,0,85,0,0,217,18,0,224,35,0,322,56,0,348,0,0,810,0,114,Spokane,-0.237078755,0.179986318,-0.780995687,-0.184475312,1.64173112,-0.485064249,-0.301727901,0.512108455,-0.262179274,-0.242232848,1.240536681,1.008847987,-0.236178552,0.808790865,-0.890552324,-0.30034277,0.799612097,-0.752328986,1.518456867
Estimate,0,6,0,0,14,10,0,69,12,0,108,16,0,67,0,0,321,6,115,Spokane,-0.237078755,-0.751984383,-0.780995687,-0.184475312,-0.949011388,-0.694605134,-0.301727901,-0.861894225,-0.695609189,-0.242232848,-0.638258953,-0.402883473,-0.236178552,-1.479919935,-0.890552324,-0.30034277,-0.637781441,-0.58384903,-10.8693813
Estimate,0,39,0,0,59,27,0,59,15,0,113,19,0,147,17,0,266,3,116,Spokane,-0.237078755,-0.362680166,-0.780995687,-0.184475312,-0.374708861,-0.249330753,-0.301727901,-0.950539559,-0.639074852,-0.242232848,-0.594361859,-0.297003613,-0.236178552,-0.828329672,-0.277879108,-0.30034277,-0.799451471,-0.668089008,-8.324480747
Estimate,0,95,15,0,75,53,0,85,47,0,128,16,0,224,8,0,336,38,117.01,Spokane,-0.237078755,0.297957293,-0.362523471,-0.184475312,-0.170512408,0.431677125,-0.301727901,-0.72006169,-0.036041927,-0.242232848,-0.462670576,-0.402883473,-0.236178552,-0.201174043,-0.602235516,-0.30034277,-0.593689615,0.314710738,-4.009483701
Estimate,0,192,157,0,305,62,0,642,166,0,549,14,0,434,69,0,603,36,117.02,Spokane,-0.237078755,1.442275748,3.599013503,-0.184475312,2.764811616,0.667410621,-0.301727901,4.217483426,2.206486764,-0.242232848,3.23346476,-0.473470046,-0.236178552,1.509250399,1.596180138,-0.30034277,0.191144894,0.258550753,19.71056644
Estimate,0,199,91,0,189,133,0,364,249,0,411,34,0,391,43,0,429,314,118,Spokane,-0.237078755,1.52485543,1.757735754,-0.184475312,1.284387326,2.527085979,-0.301727901,1.753143135,3.770603414,-0.242232848,2.021904958,0.232395684,-0.236178552,1.159020632,0.659150515,-0.30034277,-0.320320292,8.064788737,22.93271513
Estimate,0,42,9,8,65,39,0,436,74,0,295,27,0,405,105,0,550,7,119,Spokane,-0.237078755,-0.327288874,-0.529912357,0.90452411,-0.298135191,0.064980575,-0.301727901,2.391389541,0.472767104,-0.242232848,1.003492372,-0.014657321,-0.236178552,1.273048928,2.89360577,-0.30034277,0.035353774,-0.555769037,5.995838567
Estimate,0,24,42,7,317,9,0,230,28,0,205,40,0,418,26,0,496,0,120,Spokane,-0.237078755,-0.539636628,0.390726517,0.768399182,2.917958956,-0.720797745,-0.301727901,0.565295656,-0.394092726,-0.242232848,0.213344676,0.444155403,-0.236178552,1.378932346,0.0464773,-0.30034277,-0.123376801,-0.752328986,2.877496323
Estimate,0,7,19,0,98,29,0,196,46,0,153,19,0,216,22,0,286,28,121,Spokane,-0.237078755,-0.740187285,-0.25093088,-0.184475312,0.123019995,-0.196945532,-0.301727901,0.26390152,-0.054886706,-0.242232848,-0.243185105,-0.297003613,-0.236178552,-0.266333069,-0.097681104,-0.30034277,-0.740662369,0.033910811,-3.969019476
Estimate,0,28,36,0,19,10,0,203,65,0,73,5,0,179,40,5,265,34,122,Spokane,-0.237078755,-0.492448238,0.223337631,-0.184475312,-0.885199996,-0.694605134,-0.301727901,0.325953254,0.303164094,-0.242232848,-0.945538613,-0.791109624,-0.236178552,-0.567693566,0.551031712,1.243554055,-0.802390926,0.202390767,-3.531247953
Estimate,18,113,101,88,206,32,0,163,135,0,309,35,0,401,64,0,849,19,123,Spokane,6.553681397,0.510305047,2.036717231,11.79451832,1.501346058,-0.1183677,-0.301727901,-0.028628083,1.622298617,-0.242232848,1.126404236,0.267688971,-0.236178552,1.240469415,1.415982133,-0.30034277,0.914250845,-0.218809124,27.5373753
Estimate,0,24,45,0,16,105,0,106,166,0,120,28,0,262,50,0,"1,246",0,124.01,Spokane,-0.237078755,-0.539636628,0.47442096,-0.184475312,-0.923486831,1.79369288,-0.301727901,-0.533906488,2.206486764,-0.242232848,-0.532905927,0.020635965,-0.236178552,0.108331332,0.911427721,-0.30034277,2.081214515,-0.752328986,2.811909139
Estimate,0,60,64,0,60,17,0,136,17,0,217,0,0,201,4,0,"1,628",43,124.02,Spokane,-0.237078755,-0.114941119,1.004485766,-0.184475312,-0.361946583,-0.51125686,-0.301727901,-0.267970486,-0.601385294,-0.242232848,0.318697702,-0.967576057,-0.236178552,-0.388506244,-0.74639392,-0.30034277,3.204086359,0.455110702,-0.479632171
Estimate,0,8,31,0,114,35,0,173,34,0,239,7,0,267,9,0,428,0,125,Spokane,-0.237078755,-0.728390188,0.083846892,-0.184475312,0.327216449,-0.039789868,-0.301727901,0.060017251,-0.281024053,-0.242232848,0.511844916,-0.720523051,-0.236178552,0.149055724,-0.566195916,-0.30034277,-0.323259747,-0.752328986,-3.781566714
Estimate,0,73,0,0,127,101,0,175,11,0,189,27,0,449,16,0,458,90,126,Spokane,-0.237078755,0.038421148,-0.780995687,-0.184475312,0.493126067,1.688922437,-0.301727901,0.077746318,-0.714453968,-0.242232848,0.072873974,-0.014657321,-0.236178552,1.631423573,-0.313918709,-0.30034277,-0.235076094,1.774870361,2.216245962
Estimate,0,36,29,0,68,119,0,247,157,0,280,19,7,402,10,0,451,21,127.01,Spokane,-0.237078755,-0.398071459,0.028050597,-0.184475312,-0.259848356,2.160389429,-0.301727901,0.715992724,2.036883754,-0.242232848,0.871801089,-0.297003613,1.269019084,1.248614293,-0.530156315,-0.30034277,-0.25565228,-0.162649138,5.161512224
Estimate,0,15,0,0,6,6,0,46,26,0,72,11,0,270,21,0,417,9,127.02,Spokane,-0.237078755,-0.645810506,-0.780995687,-0.184475312,-1.051109615,-0.799375577,-0.301727901,-1.065778494,-0.431782284,-0.242232848,-0.954318031,-0.579349905,-0.236178552,0.173490358,-0.133720705,-0.30034277,-0.355593753,-0.499609051,-8.625989387
Estimate,0,110,9,0,116,16,0,157,16,0,239,15,0,321,22,0,582,36,128.01,Spokane,-0.237078755,0.474913755,-0.529912357,-0.184475312,0.352741005,-0.53744947,-0.301727901,-0.081815284,-0.620230073,-0.242232848,0.511844916,-0.438176759,-0.236178552,0.588879151,-0.097681104,-0.30034277,0.129416337,0.258550753,-1.490955268
Estimate,0,8,0,0,35,10,0,61,21,0,233,32,0,324,105,0,632,0,128.02,Spokane,-0.237078755,-0.728390188,-0.780995687,-0.184475312,-0.681003542,-0.694605134,-0.301727901,-0.932810493,-0.526006179,-0.242232848,0.459168403,0.161809111,-0.236178552,0.613313786,2.89360577,-0.30034277,0.276389091,-0.752328986,-2.193890185
Estimate,0,25,11,0,101,90,0,142,63,0,77,8,0,272,60,0,338,10,129.01,Spokane,-0.237078755,-0.527839531,-0.474116062,-0.184475312,0.16130683,1.40080372,-0.301727901,-0.214783285,0.265474536,-0.242232848,-0.910420937,-0.685229765,-0.236178552,0.189780115,1.27182373,-0.30034277,-0.587810705,-0.471529059,-2.084576551
Estimate,0,29,0,0,12,38,14,321,129,0,343,54,0,431,103,0,"1,107",58,129.02,Spokane,-0.237078755,-0.480651141,-0.780995687,-0.184475312,-0.974535945,0.038787964,4.499681312,1.371968197,1.509229944,-0.242232848,1.424904477,0.938261414,-0.236178552,1.484815764,2.821526568,-0.30034277,1.672630258,0.876310593,13.20162548
Estimate,0,23,0,0,0,0,0,20,0,0,20,0,0,35,0,0,302,0,130.01,Spokane,-0.237078755,-0.551433726,-0.780995687,-0.184475312,-1.127683285,-0.956531241,-0.301727901,-1.296256363,-0.921746536,-0.242232848,-1.410847812,-0.967576057,-0.236178552,-1.740556041,-0.890552324,-0.30034277,-0.693631088,-0.752328986,-13.59217528
Estimate,0,41,0,0,60,34,0,210,28,0,264,0,0,311,110,0,251,0,130.02,Spokane,-0.237078755,-0.339085971,-0.780995687,-0.184475312,-0.361946583,-0.065982478,-0.301727901,0.388004988,-0.394092726,-0.242232848,0.731330388,-0.967576057,-0.236178552,0.507430369,3.073803774,-0.30034277,-0.843543297,-0.752328986,-1.307018406
Estimate,0,212,0,0,27,43,0,162,108,0,239,52,0,236,0,0,"1,249",0,130.03,Spokane,-0.237078755,1.678217698,-0.780995687,-0.184475312,-0.783101769,0.169751018,-0.301727901,-0.037492617,1.113489587,-0.242232848,0.511844916,0.867674841,-0.236178552,-0.103435504,-0.890552324,-0.30034277,2.090032881,-0.752328986,1.581067917
Estimate,0,99,0,0,47,0,0,84,443,0,824,33,0,635,0,0,"1,238",20,131.01,Spokane,-0.237078755,0.345145683,-0.780995687,-0.184475312,-0.527856202,-0.956531241,-0.301727901,-0.728926224,7.426490523,-0.242232848,5.647804943,0.197102398,-0.236178552,3.146370936,-0.890552324,-0.30034277,2.057698875,-0.190729131,13.24298641
Estimate,0,53,0,0,134,0,0,183,64,0,150,0,0,300,40,19,"1,122",0,131.02,Spokane,-0.237078755,-0.197520801,-0.780995687,-0.184475312,0.582462016,-0.956531241,-0.301727901,0.148662585,0.284319315,-0.242232848,-0.269523361,-0.967576057,-0.236178552,0.417836707,0.551031712,5.566465166,1.716722084,-0.752328986,4.141330085
Estimate,0,64,9,0,110,30,18,206,86,0,355,14,0,628,57,0,"1,119",0,132.01,Spokane,-0.237078755,-0.067752729,-0.529912357,-0.184475312,0.276167335,-0.170752921,5.871512516,0.352546854,0.698904451,-0.242232848,1.530257503,-0.473470046,-0.236178552,3.089356788,1.163704927,-0.30034277,1.707903719,-0.752328986,11.49582882
Estimate,0,11,0,0,20,12,0,68,14,0,203,0,0,107,0,0,617,9,132.03,Spokane,-0.237078755,-0.692998896,-0.780995687,-0.184475312,-0.872437718,-0.642219913,-0.301727901,-0.870758759,-0.657919631,-0.242232848,0.195785838,-0.967576057,-0.236178552,-1.154124804,-0.890552324,-0.30034277,0.232297265,-0.499609051,-9.103145873
Estimate,0,44,0,0,59,0,0,71,13,0,110,18,0,182,0,0,"1,033",72,132.04,Spokane,-0.237078755,-0.303694679,-0.780995687,-0.184475312,-0.374708861,-0.956531241,-0.301727901,-0.844165158,-0.67676441,-0.242232848,-0.620700115,-0.3322969,-0.236178552,-0.543258932,-0.890552324,-0.30034277,1.455110582,1.269430492,-5.101163371
Estimate,0,42,0,0,44,0,0,41,0,0,13,0,0,192,21,0,809,49,132.05,Spokane,-0.237078755,-0.327288874,-0.780995687,-0.184475312,-0.566143037,-0.956531241,-0.301727901,-1.110101161,-0.921746536,-0.242232848,-1.472303743,-0.967576057,-0.236178552,-0.461810149,-0.133720705,-0.30034277,0.796672642,0.623590659,-7.779990026
Estimate,0,8,11,0,16,10,0,46,41,12,45,12,0,168,5,0,807,27,133,Spokane,-0.237078755,-0.728390188,-0.474116062,-0.184475312,-0.923486831,-0.694605134,-0.301727901,-1.065778494,-0.1491106,1.567098219,-1.19136234,-0.544056619,-0.236178552,-0.657287228,-0.710354319,-0.30034277,0.790793732,0.005830818,-6.034628337
Estimate,0,62,12,0,67,0,0,61,0,0,53,0,0,131,16,0,"1,603",14,134.01,Spokane,-0.237078755,-0.091346924,-0.446217914,-0.184475312,-0.272610635,-0.956531241,-0.301727901,-0.932810493,-0.921746536,-0.242232848,-1.12112699,-0.967576057,-0.236178552,-0.958647725,-0.313918709,-0.30034277,3.130599982,-0.359209088,-5.713178466
Estimate,0,0,0,0,0,0,0,0,35,0,89,0,0,41,45,0,441,0,135.01,Spokane,-0.237078755,-0.822766968,-0.780995687,-0.184475312,-1.127683285,-0.956531241,-0.301727901,-1.473547031,-0.262179274,-0.242232848,-0.805067911,-0.967576057,-0.236178552,-1.691686771,0.731229716,-0.30034277,-0.285046831,-0.752328986,-10.69621646
Estimate,0,16,0,0,0,0,0,14,0,0,65,18,0,211,0,0,551,18,135.02,Spokane,-0.237078755,-0.634013408,-0.780995687,-0.184475312,-1.127683285,-0.956531241,-0.301727901,-1.349443563,-0.921746536,-0.242232848,-1.015773963,-0.3322969,-0.236178552,-0.307057461,-0.890552324,-0.30034277,0.038293229,-0.246889117,-10.02672639
Estimate,0,15,0,0,68,0,0,211,0,0,176,30,0,195,0,0,"1,516",0,135.03,Spokane,-0.237078755,-0.645810506,-0.780995687,-0.184475312,-0.259848356,-0.956531241,-0.301727901,0.396869521,-0.921746536,-0.242232848,-0.041258471,0.091222538,-0.236178552,-0.437375514,-0.890552324,-0.30034277,2.874867389,-0.752328986,-3.825524309
Estimate,0,48,0,0,44,0,0,242,39,0,181,80,0,312,0,0,999,17,136,Spokane,-0.237078755,-0.256506289,-0.780995687,-0.184475312,-0.566143037,-0.956531241,-0.301727901,0.671670057,-0.186800158,-0.242232848,0.002638623,1.855886863,-0.236178552,0.515575247,-0.890552324,-0.30034277,1.355169109,-0.274969109,-1.013594084
Estimate,0,20,7,0,66,23,3,111,28,7,162,28,31,322,35,3,494,37,137,Spokane,-0.237078755,-0.586825018,-0.585708653,-0.184475312,-0.285372913,-0.354101196,0.727145502,-0.489583821,-0.394092726,0.813210274,-0.164170335,0.020635965,6.429696694,0.59702403,0.370833707,0.625995325,-0.129255711,0.286630746,6.460507804
Estimate,0,50,0,0,0,0,0,119,0,0,138,17,0,201,69,0,232,0,138,Spokane,-0.237078755,-0.232912094,-0.780995687,-0.184475312,-1.127683285,-0.956531241,-0.301727901,-0.418667554,-0.921746536,-0.242232848,-0.374876387,-0.367590186,-0.236178552,-0.388506244,1.596180138,-0.30034277,-0.899392944,-0.752328986,-7.127087144
Estimate,0,145,23,0,82,24,12,202,12,0,216,11,0,478,0,0,940,12,139,Spokane,-0.237078755,0.887812166,-0.13933829,-0.184475312,-0.081176459,-0.327908585,3.81376571,0.31708872,-0.695609189,-0.242232848,0.309918283,-0.579349905,-0.236178552,1.867625044,-0.890552324,-0.30034277,1.181741258,-0.415369073,4.048339121
Estimate,0,221,142,0,180,9,0,311,16,0,241,57,0,229,18,0,309,0,140.01,Spokane,-0.237078755,1.784391575,3.180541287,-0.184475312,1.16952682,-0.720797745,-0.301727901,1.283322863,-0.620230073,-0.242232848,0.529403754,1.044141274,-0.236178552,-0.160449652,-0.241839508,-0.30034277,-0.673054902,-0.752328986,4.32059057
Estimate,0,402,65,0,125,7,0,250,43,0,299,50,0,441,38,0,855,19,140.02,Spokane,-0.237078755,3.919666218,1.032383914,-0.184475312,0.467601511,-0.773182967,-0.301727901,0.742586324,-0.111421043,-0.242232848,1.038610047,0.797088268,-0.236178552,1.566264547,0.47895251,-0.30034277,0.931887576,-0.218809124,8.369591645
Estimate,0,0,25,0,80,37,0,139,100,0,319,74,0,309,10,0,"1,258",26,141,Spokane,-0.237078755,-0.822766968,-0.083541994,-0.184475312,-0.106701016,0.012595354,-0.301727901,-0.241376886,0.962731355,-0.242232848,1.214198424,1.644127144,-0.236178552,0.491140612,-0.530156315,-0.30034277,2.116487976,-0.022249175,3.132452376
Estimate,0,60,0,0,85,29,0,141,46,0,210,9,0,195,36,14,546,133,142,Spokane,-0.237078755,-0.114941119,-0.780995687,-0.184475312,-0.042889624,-0.196945532,-0.301727901,-0.223647819,-0.054886706,-0.242232848,0.25724177,-0.649936478,-0.236178552,-0.437375514,0.406873308,4.022568341,0.023595954,2.98231005,3.989277577
Estimate,0,54,8,0,79,40,5,98,44,0,130,8,10,183,16,8,405,46,143,Spokane,-0.237078755,-0.185723704,-0.557810505,-0.184475312,-0.119463294,0.091173186,1.413061104,-0.604822756,-0.092576264,-0.242232848,-0.445111738,-0.685229765,1.914103786,-0.535114053,-0.313918709,2.16989215,-0.390867214,0.53935068,1.53315599
Estimate,0,62,25,0,119,9,0,121,66,0,253,40,0,459,6,0,546,23,144,Spokane,-0.237078755,-0.091346924,-0.083541994,-0.184475312,0.39102784,-0.720797745,-0.301727901,-0.400938487,0.322008872,-0.242232848,0.63475678,0.444155403,-0.236178552,1.712872356,-0.674314718,-0.30034277,0.023595954,-0.106489153,-0.051047953
Estimate,0,108,27,4,103,33,0,130,32,0,49,7,0,178,35,0,115,47,145,Spokane,-0.237078755,0.45131956,-0.027745699,0.360024399,0.186831387,-0.092175089,-0.301727901,-0.321157686,-0.318713611,-0.242232848,-1.156244665,-0.720523051,-0.236178552,-0.575838445,0.370833707,-0.30034277,-1.243309189,0.567430673,-3.836828535
Estimate,0,56,42,4,43,107,0,125,52,0,54,41,0,144,26,0,107,57,9410,Stevens,-0.237078755,-0.162129509,0.390726517,0.360024399,-0.578905315,1.846078101,-0.301727901,-0.365480353,0.058181968,-0.242232848,-1.112347571,0.47944869,-0.236178552,-0.852764307,0.0464773,-0.30034277,-1.26682483,0.848230601,-1.626845137
Estimate,13,82,51,5,148,90,2,269,119,0,198,67,0,289,103,0,384,56,9501.01,Stevens,4.667359133,0.144595025,0.641809846,0.496149327,0.761133913,1.40080372,0.384187701,0.911012459,1.320782155,-0.242232848,0.151888744,1.397074139,-0.236178552,0.328243046,2.821526568,-0.30034277,-0.452595771,0.820150608,15.01536644
Estimate,0,10,51,0,87,14,0,85,84,0,180,50,0,178,20,0,540,11,9501.02,Stevens,-0.237078755,-0.704795993,0.641809846,-0.184475312,-0.017365067,-0.589834692,-0.301727901,-0.72006169,0.661214893,-0.242232848,-0.006140796,0.797088268,-0.236178552,-0.575838445,-0.169760306,-0.30034277,0.005959223,-0.443449066,-2.623209962
Estimate,0,27,26,0,97,66,0,80,61,9,116,60,0,299,10,0,487,150,9502,Stevens,-0.237078755,-0.504245336,-0.055643847,-0.184475312,0.110257716,0.772181063,-0.301727901,-0.764384357,0.227784978,1.114765452,-0.568023602,1.150021133,-0.236178552,0.409691829,-0.530156315,-0.30034277,-0.149831897,3.459669926,3.412283455
Estimate,0,33,7,0,108,43,0,178,39,6,186,8,0,172,6,0,255,0,9503,Stevens,-0.237078755,-0.433462751,-0.585708653,-0.184475312,0.250642778,0.169751018,-0.301727901,0.104339918,-0.186800158,0.662432686,0.046535717,-0.685229765,-0.236178552,-0.624707714,-0.674314718,-0.30034277,-0.831785477,-0.752328986,-4.800439395
Estimate,0,38,59,0,195,53,0,145,43,0,111,36,0,225,26,0,240,0,9505,Stevens,-0.237078755,-0.374477264,0.864995028,-0.184475312,1.360960996,0.431677125,-0.301727901,-0.188189685,-0.111421043,-0.242232848,-0.611920696,0.302982257,-0.236178552,-0.193029165,0.0464773,-0.30034277,-0.875877303,-0.752328986,-1.602187574
Estimate,0,27,11,0,87,68,5,142,41,0,43,6,0,117,30,6,415,5,9506,Stevens,-0.237078755,-0.504245336,-0.474116062,-0.184475312,-0.017365067,0.824566285,1.413061104,-0.214783285,-0.1491106,-0.242232848,-1.208921178,-0.755816338,-0.236178552,-1.072676021,0.190635703,1.55233342,-0.361472663,-0.611929022,-2.289804527
Estimate,0,61,43,0,71,51,0,150,49,3,169,47,0,149,0,0,223,6,9507,Stevens,-0.237078755,-0.103144022,0.418624664,-0.184475312,-0.221561521,0.379291903,-0.301727901,-0.143867018,0.001647631,0.210099919,-0.102714403,0.691208409,-0.236178552,-0.812039915,-0.890552324,-0.30034277,-0.92584804,-0.58384903,-3.342507035
Estimate,0,43,0,0,32,52,8,137,85,0,103,20,0,210,75,0,564,50,9508,Stevens,-0.237078755,-0.315491776,-0.780995687,-0.184475312,-0.719290377,0.405484514,2.441934506,-0.259105952,0.680059672,-0.242232848,-0.682156047,-0.261710327,-0.236178552,-0.315202339,1.812417743,-0.30034277,0.076506145,0.651670651,1.53381249
Estimate,0,19,20,0,49,24,0,93,91,6,59,27,0,118,21,3,166,9,9509,Stevens,-0.237078755,-0.598622116,-0.223032733,-0.184475312,-0.502331645,-0.327908585,-0.301727901,-0.649145423,0.793128345,0.662432686,-1.068450476,-0.014657321,-0.236178552,-1.064531142,-0.133720705,0.625995325,-1.09339698,-0.499609051,-5.053310342
Estimate,4,67,43,0,88,73,2,133,95,4,190,42,0,310,96,0,346,14,9511,Stevens,1.271979057,-0.032361437,0.418624664,-0.184475312,-0.004602789,0.955529338,0.384187701,-0.294564086,0.868507461,0.360877508,0.081653393,0.514741976,-0.236178552,0.49928549,2.569249362,-0.30034277,-0.564295064,-0.359209088,5.948606852
Estimate,0,14,32,0,7,8,0,138,57,0,63,45,0,202,21,0,354,19,9513.01,Stevens,-0.237078755,-0.657607603,0.11174504,-0.184475312,-1.038347336,-0.746990356,-0.301727901,-0.250241419,0.152405862,-0.242232848,-1.033332801,0.620621836,-0.236178552,-0.380361366,-0.133720705,-0.30034277,-0.540779423,-0.218809124,-5.617453533
Estimate,0,9,10,0,6,42,0,52,45,0,84,17,0,107,5,0,224,18,9513.02,Stevens,-0.237078755,-0.716593091,-0.50201421,-0.184475312,-1.051109615,0.143558407,-0.301727901,-1.012591293,-0.073731485,-0.242232848,-0.848965005,-0.367590186,-0.236178552,-1.154124804,-0.710354319,-0.30034277,-0.922908585,-0.246889117,-8.965349439
Estimate,13,17,80,0,104,76,0,144,26,0,135,96,37,226,86,0,339,25,9514.01,Stevens,4.667359133,-0.622216311,1.45085613,-0.184475312,0.199593665,1.03410717,-0.301727901,-0.197054218,-0.431782284,-0.242232848,-0.401214644,2.420579447,7.719866097,-0.184884287,2.208853353,-0.30034277,-0.58487125,-0.050329167,16.200084
Estimate,0,16,16,0,29,0,0,82,16,0,126,44,0,197,0,0,980,34,9514.02,Stevens,-0.237078755,-0.634013408,-0.334625324,-0.184475312,-0.757577212,-0.956531241,-0.301727901,-0.746655291,-0.620230073,-0.242232848,-0.480229414,0.585328549,-0.236178552,-0.421085757,-0.890552324,-0.30034277,1.299319462,0.202390767,-5.256497402
Estimate,0,489,54,0,124,12,0,173,21,0,101,16,0,47,24,0,116,0,1,Whitman,-0.237078755,4.946013699,0.725504289,-0.184475312,0.454839232,-0.642219913,-0.301727901,0.060017251,-0.526006179,-0.242232848,-0.699714885,-0.402883473,-0.236178552,-1.642817501,-0.025601902,-0.30034277,-1.240369734,-0.752328986,-1.24760424
Estimate,0,211,2,0,161,0,0,308,8,0,188,12,0,205,15,0,795,0,2.01,Whitman,-0.237078755,1.6664206,-0.725199391,-0.184475312,0.927043532,-0.956531241,-0.301727901,1.256729263,-0.770988304,-0.242232848,0.064094555,-0.544056619,-0.236178552,-0.355926731,-0.34995831,-0.30034277,0.755520271,-0.752328986,-1.2872175
Estimate,0,71,34,0,51,0,0,142,11,0,206,0,0,101,0,0,310,19,2.02,Whitman,-0.237078755,0.014826953,0.167541335,-0.184475312,-0.476807088,-0.956531241,-0.301727901,-0.214783285,-0.714453968,-0.242232848,0.222124094,-0.967576057,-0.236178552,-1.202994073,-0.890552324,-0.30034277,-0.670115447,-0.218809124,-7.410166362
Estimate,0,0,14,0,181,0,0,197,0,0,258,0,0,314,52,0,"1,299",77,3,Whitman,-0.237078755,-0.822766968,-0.390421619,-0.184475312,1.182289099,-0.956531241,-0.301727901,0.272766053,-0.921746536,-0.242232848,0.678653875,-0.967576057,-0.236178552,0.531865003,0.983506923,-0.30034277,2.237005635,1.409830456,1.734838485
Estimate,0,120,87,0,221,111,0,217,122,0,101,9,0,269,51,0,666,24,4,Whitman,-0.237078755,0.59288473,1.646143163,-0.184475312,1.692780233,1.950848544,-0.301727901,0.450056721,1.377316492,-0.242232848,-0.699714885,-0.649936478,-0.236178552,0.16534548,0.947467322,-0.30034277,0.376330564,-0.07840916,6.269076589
Estimate,0,13,83,0,58,60,0,27,50,0,20,2,0,43,64,0,17,10,5,Whitman,-0.237078755,-0.669404701,1.534550573,-0.184475312,-0.38747114,0.615025399,-0.301727901,-1.234204629,0.02049241,-0.242232848,-1.410847812,-0.896989484,-0.236178552,-1.675397014,1.415982133,-0.30034277,-1.531375788,-0.471529059,-6.193205248
Estimate,0,635,94,0,560,72,0,362,83,0,131,64,0,73,0,0,124,52,6.01,Whitman,-0.237078755,6.668389931,1.841430197,-0.184475312,6.019192598,0.929336727,-0.301727901,1.735414068,0.642370114,-0.242232848,-0.436332319,1.291194279,-0.236178552,-1.431050666,-0.890552324,-0.30034277,-1.216854094,0.707830637,14.35833301
Estimate,0,462,71,0,294,133,0,322,93,0,283,39,0,102,43,0,155,0,6.02,Whitman,-0.237078755,4.627492067,1.1997728,-0.184475312,2.624426554,2.527085979,-0.301727901,1.380832731,0.830817903,-0.242232848,0.898139346,0.408862117,-0.236178552,-1.194849195,0.659150515,-0.30034277,-1.125730986,-0.752328986,10.58163471
Estimate,0,39,31,0,79,54,6,97,104,0,157,30,0,234,13,0,606,30,7,Whitman,-0.237078755,-0.362680166,0.083846892,-0.184475312,-0.119463294,0.457869735,1.756018904,-0.613687289,1.038110471,-0.242232848,-0.208067429,0.091222538,-0.236178552,-0.11972526,-0.422037512,-0.30034277,0.199963259,0.090070796,0.671133409
Estimate,0,44,44,0,77,49,0,140,114,0,121,0,0,301,97,0,413,24,8,Whitman,-0.237078755,-0.303694679,0.446522812,-0.184475312,-0.144987851,0.326906682,-0.301727901,-0.232512352,1.22655826,-0.242232848,-0.524126508,-0.967576057,-0.236178552,0.425981586,2.605288962,-0.30034277,-0.367351573,-0.07840916,0.910563985
Estimate,0,38,43,0,134,38,4,194,66,0,155,45,0,316,44,0,473,37,9,Whitman,-0.237078755,-0.374477264,0.418624664,-0.184475312,0.582462016,0.038787964,1.070103303,0.246172453,0.322008872,-0.242232848,-0.225626267,0.620621836,-0.236178552,0.54815476,0.695190115,-0.30034277,-0.190984268,0.286630746,2.837360695
Estimate,12,15,9,1,40,10,2,127,94,12,67,11,0,161,14,0,298,10,10,Whitman,4.29009468,-0.645810506,-0.529912357,-0.048350384,-0.61719215,-0.694605134,0.384187701,-0.347751287,0.849662682,1.567098219,-0.998215126,-0.579349905,-0.236178552,-0.714301376,-0.385997911,-0.30034277,-0.705388908,-0.471529059,-0.183882144
